INSERT INTO PROJETO.PESSOA VALUES
('QUINTA DA VALA REAL, CCI 22304 - ACEIRO PRINCIPAL DA CARREGUEIRA', 781391687, 66, 614155979, 'Maiara Eiró Novais '),
('ESTRADA DE ALMEIRIM', 855104077, 66, 492538998, 'Estrela Furquim Inês '),
('RUA CASAL DO CANAS, 2 - ZONA INDUSTRIAL DE ALFRAGIDE', 451266454, 63, 575757742, 'Manel Camelo Santiago '),
('RUA 24 DE JUNHO, 585 - PENCELO', 316263719, 78, 952901997, 'Sílvio Magalhães Carromeu '),
('COMPLEXO INDUSTRIAL DE VIALONGA, FRACAO C1/C21 - GRANJA DE ALPRIATE', 275968271, 65, 950877064, 'Izabel Ramalho Oliveira '),
('AVENIDA JOSE MALHOA, 22 6 /11', 596966271, 29, 472271504, 'Taísa Flores Bento '),
('RUA DE SANTO ANTONIO, 119/125', 978193401, 53, 480389044, 'Alexandru Redondo Valério '),
('RUA CAVADA, 83 - SOUTELO', 936913898, 57, 368323832, 'Liany Cachão Barreira '),
('RUA PINHEIRO CHAGAS, 6', 331974081, 36, 172432000, 'Tabita Alvim Murtinho '),
('RUA CASTILHO, 75 5 ESQ.', 185958049, 80, 448815461, 'Dânia Landim Mariz '),
('RUA DOS CRAVOS - CERCA DA AGUA', 529705283, 73, 950505193, 'Yohan Belém Milheiriço '),
('ZONA INDUSTRIAL DE MUNDAO', 760352025, 59, 555037908, 'Hazael Sacadura Outeiro '),
('ESTRADA NACIONAL 16, KM 3, 7', 294570328, 78, 606522386, 'Cristian Cesário Queirós '),
('ESTRADA CONSIGLIERI PEDROSO, 69B', 155307742, 61, 931191132, 'George Freitas Regodeiro '),
('RUA DE MELADAS, 380', 651948032, 24, 548772255, 'Edgar Assis Goulão '),
('RUA DO OUTEIRO, 677 - ZONA INDUSTRIAL DE TELOES', 710108265, 41, 972297743, 'Esther Vilas Boas Caiado '),
('RUA BARAO DE NOVA SINTRA, 285', 201752728, 62, 535405141, 'Viktoria Cadaval Silvestre '),
('ZONA INDUSTRIAL DE AVEIRAS DE CIMA', 242288609, 34, 689974680, 'Aleksandr Duarte Brasil '),
('AVENIDA DE PADUA, 11', 407945224, 19, 871096624, 'Jack Adão Xisto '),
('RUA DA BEMPOSTA, 1 LOJA 2', 953083332, 48, 771911558, 'Élton Liberato Tristão '),
('RUA TIRSO OLAZABAL, 118', 288617763, 52, 781212986, 'Jana Goulart Anlicoara '),
('RUA DO PROGRESSO, 53', 549523758, 66, 985908883, 'Josiane Vilante Caeira '),
('RUA DE SAO BENTO DA BATALHA, 76', 746588520, 54, 481931557, 'Luís Branco Barroso '),
('RUA NOVA DA COSTA, 300/306', 911407652, 73, 760480413, 'Andreia Sabrosa Custódio '),
('QUINTA TORRE DA AGUILHA, EDIFICIO BRISA', 982383078, 78, 489041382, 'Melyssa Veloso Perdigão '),
('RUA PADRE MANUEL BERNARDES, 85', 567352402, 50, 407155699, 'Stephanie Picanço Batata '),
('ZONA INDUSTRIAL DE FELGUEIRAS', 906116106, 64, 834230608, 'Giovana Grangeia Pimentel '),
('CASAL DE ALFRAGIDE, LOTE 1', 817949410, 60, 324136486, 'Andreia Durães Pires '),
('RUA DOS ARCOS, 67A', 503403306, 66, 202368945, 'Tiara Meira Landim '),
('RUA AMANDIO FERREIRA DA SILVA, 65 - CEPA', 987168761, 27, 475008261, 'Breno Severiano Carvalhais '),
('RUA DO ESPIDO - VIA NORTE', 130696193, 52, 973817818, 'Viktoriya Café Festas '),
('RUA DO FERRO, FETAIS - QUINTA DOS PALMARES', 699070693, 54, 960141474, 'Jeremias Ramalho Varejão '),
('RUA DACIANO BAPTISTA MARQUES, 245 3  - LAKE TOWERS - EDIFICIO D', 922562259, 38, 952134426, 'Kimberly Narvais Vilarinho '),
('RUA 5 DE OUTUBRO, 4731', 955188211, 72, 490500587, 'Gusttavo Cruz Câmara '),
('RUA COMENDADOR SA COUTO, 829', 395244778, 58, 516682168, 'Martinho Caeiro Franco '),
('BECO DO GRILO, 8', 522795066, 65, 101232415, 'Silvestre Filgueiras Lamenha '),
('RUA DE SANTA CATARINA, 1288', 441625915, 54, 190502378, 'Sujana Lourenço Coimbra '),
('ZONA INDUSTRIAL LIGEIRA 2, LOTE 108', 405391208, 30, 446058325, 'Priscila Godinho Pedro '),
('ZONA INDUSTRIAL DO FUNDAO, LOTE 154 - MERCADO ABASTECEDOR DA COVA DA BEIRA', 767921734, 63, 513695049, 'Esther Marinho Silveira '),
('PARQUE INDUSTRIAL DA AUTOEUROPA', 285736535, 63, 823689773, 'Pavel Porto Queiroga '),
('LAGOAS PARK, EDIFICIO 11 2', 726853076, 37, 559989769, 'Stella Cartaxo Varão '),
('AVENIDA INFANTE DOM HENRIQUE, LOTE 1679 R/C DTO.', 136254691, 74, 933720960, 'Francesca Alvim Adarga '),
('PRACA BOM SUCESSO, 105/159 9  - EDIFICIO PENINSULA', 987215161, 45, 954176630, 'Margarida Monteiro Braga '),
('RUA VALE FORMOSO, 94 4 ESQ.', 722253308, 38, 271412315, 'Mila Barrela Lira '),
('PARQUE INDUSTRIAL MANUEL DA MOTA, LOTE 21', 511961853, 65, 933761208, 'Berenice Pederneiras Keil '),
('RUA DOUTOR ANTONIO FERNANDO COVAS LIMA', 780815625, 49, 555717524, 'Samanta Angelim Henriques '),
('AVENIDA PACOPAR, 6 LOTE CO4 - ZONA INDUSTRIAL DE ESTARREJA', 845225043, 32, 527029777, 'Cristina Amarante Grangeia '),
('RUA GENERAL FIRMINO MIGUEL, 3 1 B TORRE 2', 769464401, 23, 217325910, 'Alícia Corte-Real Anhaia '),
('RUA SA DA BANDEIRA, 819 1 ESQ.SALA 1', 742116316, 20, 928465489, 'Imran Liberato Mexia '),
('RUA MAJOR HUMBERTO DA CRUZ, 43/51 - MORRACEIRA', 715637774, 61, 244346763, 'Ticiane Amoedo Ramires '),
('AVENIDA INFANTE DOM HENRIQUE, 26', 498472768, 68, 866164623, 'Piedade Foquiço Barbalho '),
('RUA DOM MANUEL I, 183', 166635235, 37, 378657135, 'Victor Amoedo Raminhos '),
('AVENIDA DA BOAVISTA, 2450/60', 768651016, 77, 631215062, 'Adrian Sequeira Pereira '),
('RUA FERNAO DE MAGALHAES, 2 FRACAO E', 988889218, 76, 913869055, 'Alberto Severiano Montenegro '),
('RUA DE DELFIM FERREIRA, 230/414', 155658892, 65, 246819925, 'Cláudio Salomão Jardim '),
('PARQUE INDUSTRIAL DE RUAES', 737468088, 69, 337289217, 'Carminho Pereira Rios '),
('RUA CRUZADO OSBERNO, 1D', 346938122, 38, 732603200, 'Miguela Cortês Barra '),
('CAMINHO DAS ARRIBANAS', 524865287, 43, 648752904, 'Zaira Arantes Horta '),
('RUA ARMANDO MARECOS, S/N - ESTRADA MUNICIPAL 565, VALE DE AGUA', 914628618, 70, 871497583, 'Sofia Grangeia Fonseca '),
('RUA RIBEIRA JOAO GOMES, 53 3', 238926526, 74, 256058859, 'Messias Botelho Cordeiro '),
('AVENIDA DA BOAVISTA, 2450/60', 329046814, 49, 304372838, 'Lília Torres Tigre '),
('SAO MIGUEL DE LOBRIGOS', 699599279, 34, 339358413, 'Maurício Xavier Portela '),
('ESCAMPADINHO, AUTODROMO INTERNACIONAL DO ALGARVE', 849312233, 61, 903201837, 'Samantha Escobar Raminhos '),
('ESTRADA DE ADARSE - QUINTA DO PINHEIRO', 551506036, 26, 895954037, 'Ary Inácio Terra '),
('RUA DA MISERICORDIA, LOTE 7 - CENTRO EMPRESARIAL DE CANELAS', 580355163, 79, 573022725, 'Ari Palha Teves '),
('CASAL DO CARVALHO', 211910943, 38, 752020896, 'Rayan Covilhã Peçanha '),
('RUA DA ARROTEIA', 225622778, 65, 321846096, 'Inaaya Linhares Aires '),
('RUA DAS FORCAS ARMADAS, 9', 377540240, 22, 361581893, 'Caio Rosado Alvarenga '),
('AVENIDA DOS BACALHOEIROS, 84', 138471581, 34, 130914115, 'Janilson Matos Espinosa '),
('RUA ANTONIO ALVES TORRES JUNIOR, 99', 665074088, 56, 274942847, 'Noemi Chaves Clementino '),
('IMPASSE DA RUA DA IGREJA, 24 FRACOES B/E/F/G  - COMPLEXO INDUSTRIAL DAS EIRAS', 920766978, 63, 407285329, 'Abdullah Mondragão Lustosa '),
('PRACA BOM SUCESSO, 105/159 9  - EDIFICIO PENINSULA', 646565209, 52, 114441917, 'Zayn Moutinho Bogado '),
('PORTO DE PESCA DE AVEIRO, LOTE B - TERMINAL DE GRANEIS LIQUIDOS', 199489063, 19, 283781828, 'Piedade Travassos Botelho '),
('RUA DE CIMA, S/N', 846337358, 59, 994982035, 'Flávio Cerveira Jobim '),
('PRACA MARQUES DE POMBAL, 1 8', 977713921, 33, 342609308, 'Luara Filipe Amorim '),
('RUA DA DEVESA VELHA', 615274153, 44, 349698623, 'Soraya Malafaia Cobra '),
('RUA DO ROSMANINHO, LOTE 1 R/C LOJA A - URBANIZACAO PORTO BELO', 220162009, 42, 212370338, 'Rodney Domingues Dias '),
('AVENIDA INFANTE DOM HENRIQUE, 71 4  - CENTRO COMERCIAL SOL-MAR', 644272201, 26, 785360351, 'Apolo Zarco Velasques '),
('RUA DO PALACIO DO GELO, 1 3  - PALACIO DO GELO SHOPPING', 163117427, 51, 909173514, 'Artur Quinaz Raminhos '),
('PRACA BOM SUCESSO, 105/159 9  - EDIFICIO PENINSULA', 476197881, 71, 113305607, 'Maiara Barateiro Vilarinho '),
('RUA ANTONIO PEDRO CARVALHO, 13A', 926014340, 44, 657952283, 'Eli Serralheiro Freire '),
('ZONA INDUSTRIAL DE RELVINHA, LOTE 14', 868725943, 80, 524685204, 'Heitor Correia Sales '),
('AVENIDA DO FORTE, 3 2  - EDIFICIO SUECIA III', 146438636, 36, 732295847, 'Cândida Cancela Cartaxo '),
('RUA C DO AEROPORTO DE LISBOA, EDIFICIO 124 3', 722412107, 58, 107115358, 'Giulia Beiriz Barrocas '),
('ALAMEDA ANTONIO SERGIO, 62', 821789068, 53, 968425677, 'Raul Estrela Foquiço '),
('RUA MIDOES, 920', 362557738, 19, 228528164, 'Eddy Damasceno Lousã '),
('AVENIDA INFANTE DOM HENRIQUE, 70', 336320328, 49, 962275791, 'Caetano Mesquita Mantas '),
('RUA FN VIANA, 4 - RUA ZONA INDUSTRIAL 1A FASE', 284589352, 66, 293568714, 'Théo Doutis Regueira '),
('RUA CASTILHO, 165 3', 280479220, 62, 930414367, 'Luenna Saldanha Ribeiro '),
('CAMPO GRANDE, 35 2 A', 653655936, 74, 682764954, 'Anastácia Balsemão Coelho '),
('AVENIDA DOM JOAO II, 34', 555719590, 80, 580845640, 'Taíssa Macieira Paião '),
('PARQUE INDUSTRIAL AUTO-EUROPA, LOTE 13 - QUINTA DA MARQUESA I', 777388668, 63, 956214266, 'Melody Taveira Lameira '),
('RUA FILIPA BORGES, 1163/1245', 768339985, 58, 697073366, 'Stéphanie Caeira Bento '),
('NUCLEO EMPRESARIAL DA VENDA DO PINHEIRO, ARMAZEM 82 - QUINTA DOS ESTRANGEIROS', 392311744, 52, 825866630, 'Adriele Lamego Valente '),
('AVENIDA FONTES PEREIRA DE MELO, 3 5 ESQ.', 942529637, 51, 821743249, 'Liany Anlicoara França '),
('ESTRADA MARGINAL NORTE - ZONA INDUSTRIAL DO ABALO', 832789092, 39, 229988395, 'Jadir Saldanha Marques '),
('AVENIDA INFANTE SANTO, 2', 437731168, 65, 842678712, 'Adriel Carvalheiro Mantas '),
('ZONA INDUSTRIAL CARRICA, LOTE 6', 768051694, 20, 206998803, 'Éder Cruz Muxagata '),
('RUA TENENTE ESPANCA, 3 4 A', 228711189, 75, 383364310, 'Lara Lagoa Braga '),
('AVENIDA ENGENHEIRO DUARTE PACHECO, TORRE 1 16  - AMOREIRAS', 704155618, 54, 673409357, 'Kyan Covilhã Mateus ');

INSERT INTO PROJETO.FORNECEDOR VALUES
('LAGOAS PARK, EDIFICIO 7 2', 306560978, 'Lucas e Tiago - Materiais Clínicos ™', 664740436);

INSERT INTO PROJETO.CLINICA VALUES
('Clinica Dentária Docinha', 'Segunda a Terça da 9h-18h', 577707858, 757032859, 'LAGOAS PARK, EDIFICIO 7 2', 306560978);

INSERT INTO PROJETO.MATERIAL_DENTARIO VALUES
(757032859, 'Micromotores'),
(757032859, 'Scalers PiezuPZ6cM'),
(757032859, 'Turbinas'),
(757032859, 'Contra-Ângulos'),
(757032859, 'LED de Cura'),
(757032859, 'RXDC'),
(757032859, 'Zen-X'),
(757032859, 'Seringas'),
(757032859, 'Bisturís'),
(757032859, 'Pinças'),
(757032859, 'Alicates'),
(757032859, 'Destiladoras'),
(757032859, 'Seladoras'),
(757032859, 'Termodesinfetadoras'),
(757032859, 'Ultrassons'),
(757032859, 'Raios-X'),
(757032859, 'Autoclaves'),
(757032859, 'Câmaras Intraorais'),
(757032859, 'Acoplamentos'),
(757032859, 'Fornos'),
(757032859, 'Polidoras'),
(757032859, 'Vibradores de gesso'),
(757032859, 'Lasers orais'),
(757032859, 'Destartarizadores'),
(757032859, 'Jatos  de bicabornato'),
(757032859, 'Vibradores de Amálgama');

INSERT INTO PROJETO.PACIENTE VALUES
(614155979, 757032859),
(492538998, 757032859),
(575757742, 757032859),
(952901997, 757032859),
(950877064, 757032859),
(472271504, 757032859),
(480389044, 757032859),
(368323832, 757032859),
(172432000, 757032859),
(448815461, 757032859),
(950505193, 757032859),
(555037908, 757032859),
(606522386, 757032859),
(931191132, 757032859),
(548772255, 757032859),
(972297743, 757032859),
(535405141, 757032859),
(689974680, 757032859),
(871096624, 757032859),
(771911558, 757032859),
(781212986, 757032859),
(985908883, 757032859),
(481931557, 757032859),
(760480413, 757032859),
(489041382, 757032859),
(407155699, 757032859),
(834230608, 757032859),
(324136486, 757032859),
(202368945, 757032859),
(475008261, 757032859),
(973817818, 757032859),
(960141474, 757032859),
(952134426, 757032859),
(490500587, 757032859),
(516682168, 757032859),
(101232415, 757032859),
(190502378, 757032859),
(446058325, 757032859),
(513695049, 757032859),
(823689773, 757032859),
(559989769, 757032859),
(933720960, 757032859),
(954176630, 757032859),
(271412315, 757032859),
(933761208, 757032859),
(555717524, 757032859),
(527029777, 757032859),
(217325910, 757032859),
(928465489, 757032859),
(244346763, 757032859),
(866164623, 757032859),
(378657135, 757032859),
(631215062, 757032859),
(913869055, 757032859),
(246819925, 757032859),
(337289217, 757032859),
(732603200, 757032859),
(648752904, 757032859),
(871497583, 757032859),
(256058859, 757032859),
(304372838, 757032859),
(339358413, 757032859),
(903201837, 757032859),
(895954037, 757032859),
(573022725, 757032859),
(752020896, 757032859),
(321846096, 757032859),
(361581893, 757032859),
(130914115, 757032859),
(274942847, 757032859);

INSERT INTO PROJETO.CHECK_DENTISTA VALUES
(440396823, 50.00, '2021-11-28'),
(454064136, 50.00, '2021-11-25'),
(352272371, 50.00, '2022-10-04'),
(284843352, 50.00, '2021-09-07'),
(516008387, 50.00, '2021-07-01'),
(242609875, 50.00, '2021-05-07'),
(678362370, 50.00, '2022-03-28'),
(557355314, 50.00, '2022-09-13'),
(320366483, 50.00, '2022-03-17'),
(151851146, 50.00, '2021-07-03'),
(609648644, 50.00, '2022-01-24'),
(295486954, 50.00, '2022-07-04'),
(883276934, 50.00, '2022-07-11'),
(792358836, 50.00, '2021-07-15'),
(137153415, 50.00, '2022-08-16'),
(621915751, 50.00, '2021-11-23'),
(986037254, 50.00, '2022-08-28'),
(807906424, 50.00, '2022-06-28'),
(290451090, 50.00, '2021-10-15'),
(671385378, 50.00, '2021-04-08'),
(403369541, 50.00, '2021-08-19'),
(100117828, 50.00, '2022-04-27'),
(305236998, 50.00, '2022-10-15'),
(543583232, 50.00, '2022-04-08'),
(995175290, 50.00, '2021-10-08'),
(207456052, 50.00, '2021-05-22'),
(832285869, 50.00, '2021-07-19'),
(962715049, 50.00, '2022-06-21'),
(836387706, 50.00, '2022-12-11'),
(505837473, 50.00, '2022-05-09'),
(948582295, 50.00, '2021-11-17'),
(574157393, 50.00, '2021-02-13'),
(294533113, 50.00, '2021-04-04'),
(539574468, 50.00, '2022-02-05'),
(752227300, 50.00, '2022-07-05'),
(831433317, 50.00, '2021-06-23'),
(122341039, 50.00, '2021-01-12'),
(118830178, 50.00, '2021-12-26'),
(126085784, 50.00, '2022-06-27'),
(656837424, 50.00, '2022-04-16'),
(757744182, 50.00, '2021-06-28'),
(902717315, 50.00, '2021-04-17'),
(401121894, 50.00, '2021-07-09'),
(825305249, 50.00, '2021-07-11'),
(776238045, 50.00, '2022-04-13'),
(881893531, 50.00, '2021-09-28'),
(935612973, 50.00, '2022-11-18'),
(557852594, 50.00, '2022-04-01'),
(560809546, 50.00, '2021-01-24'),
(716496642, 50.00, '2021-10-06'),
(166314543, 50.00, '2022-02-21'),
(997460141, 50.00, '2021-09-16'),
(695244152, 50.00, '2021-05-24'),
(554208168, 50.00, '2021-02-13'),
(744634730, 50.00, '2022-06-15'),
(976006901, 50.00, '2022-01-19'),
(231390764, 50.00, '2021-11-18'),
(128220823, 50.00, '2021-04-06'),
(650278561, 50.00, '2022-02-24'),
(673541833, 50.00, '2021-10-02'),
(678567192, 50.00, '2021-10-19'),
(476465471, 50.00, '2022-06-10'),
(958403346, 50.00, '2022-08-20'),
(822310042, 50.00, '2022-07-21'),
(559966652, 50.00, '2022-04-05'),
(267786672, 50.00, '2021-01-26'),
(764062067, 50.00, '2022-01-06'),
(276231033, 50.00, '2021-09-05'),
(907561102, 50.00, '2022-07-13'),
(937014262, 50.00, '2022-07-14');

INSERT INTO PROJETO.STAFF VALUES
(407285329, 1500.20, 757032859),
(114441917, 1795.25, 757032859),
(283781828, 3093.25, 757032859),
(994982035, 3382.72, 757032859),
(342609308, 2868.95, 757032859),
(349698623, 2120.29, 757032859),
(212370338, 2717.60, 757032859),
(785360351, 1544.47, 757032859),
(909173514, 1131.00, 757032859),
(113305607, 3818.19, 757032859),
(657952283, 1312.29, 757032859),
(524685204, 1420.51, 757032859),
(732295847, 3139.97, 757032859),
(107115358, 2401.16, 757032859),
(968425677, 3896.58, 757032859),
(228528164, 1331.30, 757032859),
(962275791, 2234.46, 757032859),
(293568714, 2478.92, 757032859),
(930414367, 3611.15, 757032859),
(682764954, 3293.69, 757032859),
(580845640, 1592.90, 757032859),
(956214266, 3002.91, 757032859),
(697073366, 3806.34, 757032859),
(825866630, 2402.44, 757032859),
(821743249, 1197.15, 757032859),
(229988395, 1987.67, 757032859),
(842678712, 3841.00, 757032859),
(206998803, 3455.30, 757032859),
(383364310, 1759.26, 757032859),
(673409357, 2471.72, 757032859);

INSERT INTO PROJETO.DENTISTA VALUES
(407285329, 'Dentisteria', 678016305),
(114441917, 'Odontopediatria', 661816485),
(283781828, 'Proteses', 763573849),
(994982035, 'Dentisteria', 369672773),
(342609308, 'Medicina Dentária Preventiva', 423735692),
(349698623, 'Medicina Dentária Preventiva', 898527009),
(212370338, 'Periodontologia', 144695145),
(785360351, 'Periodontologia', 552670247),
(909173514, 'Cirurgia', 832801326),
(113305607, 'Periodontologia', 149187578);

INSERT INTO PROJETO.ASSISTENTE VALUES
(657952283),
(524685204),
(732295847),
(107115358),
(968425677),
(228528164),
(962275791),
(293568714),
(930414367),
(682764954);

INSERT INTO PROJETO.RECECIONISTA VALUES
(580845640),
(956214266),
(697073366),
(825866630),
(821743249),
(229988395),
(842678712),
(206998803),
(383364310),
(673409357);

INSERT INTO PROJETO.PRESCRICAO VALUES
(0, '2022-02-14', 113305607),
(1, '2022-04-22', 349698623),
(2, '2022-03-24', 785360351),
(3, '2022-09-08', 342609308),
(4, '2021-06-16', 785360351),
(5, '2022-04-09', 785360351),
(6, '2022-10-05', 113305607),
(7, '2022-01-23', 283781828),
(8, '2022-04-11', 113305607),
(9, '2021-01-27', 342609308),
(10, '2021-08-04', 283781828),
(11, '2022-08-01', 349698623),
(12, '2022-12-08', 283781828),
(13, '2022-08-23', 283781828),
(14, '2022-08-03', 113305607),
(15, '2022-05-19', 114441917),
(16, '2022-01-09', 113305607),
(17, '2022-02-04', 212370338),
(18, '2022-01-03', 785360351),
(19, '2022-09-03', 212370338),
(20, '2021-09-10', 114441917),
(21, '2022-09-14', 283781828),
(22, '2021-03-05', 283781828),
(23, '2022-12-19', 212370338),
(24, '2021-01-09', 114441917),
(25, '2022-09-04', 349698623),
(26, '2021-12-12', 212370338),
(27, '2021-12-24', 342609308),
(28, '2022-03-19', 407285329),
(29, '2022-08-05', 785360351),
(30, '2021-07-25', 909173514),
(31, '2022-09-09', 212370338),
(32, '2021-12-23', 283781828),
(33, '2022-12-09', 113305607),
(34, '2021-09-20', 349698623),
(35, '2021-03-07', 994982035),
(36, '2021-03-09', 113305607),
(37, '2021-07-11', 909173514),
(38, '2021-10-17', 114441917),
(39, '2021-08-16', 342609308),
(40, '2022-02-04', 212370338),
(41, '2021-05-22', 114441917),
(42, '2021-05-13', 113305607),
(43, '2021-12-08', 349698623),
(44, '2021-05-24', 113305607),
(45, '2022-09-20', 909173514),
(46, '2021-11-12', 114441917),
(47, '2022-08-12', 407285329),
(48, '2022-12-27', 212370338),
(49, '2022-08-04', 212370338),
(50, '2021-07-03', 407285329),
(51, '2021-10-14', 283781828),
(52, '2021-02-09', 114441917),
(53, '2021-01-13', 212370338),
(54, '2021-11-20', 407285329),
(55, '2021-12-18', 113305607),
(56, '2021-03-18', 283781828),
(57, '2022-09-05', 785360351),
(58, '2021-08-19', 342609308),
(59, '2021-09-06', 349698623),
(60, '2022-03-10', 283781828),
(61, '2022-03-26', 349698623),
(62, '2021-07-13', 212370338),
(63, '2022-03-19', 994982035),
(64, '2022-03-08', 114441917),
(65, '2021-12-25', 909173514),
(66, '2021-05-05', 349698623),
(67, '2021-11-21', 212370338),
(68, '2022-03-11', 994982035),
(69, '2021-10-19', 785360351),
(70, '2021-05-06', 342609308),
(71, '2021-09-11', 349698623),
(72, '2022-07-05', 785360351),
(73, '2022-08-04', 113305607),
(74, '2022-07-27', 349698623),
(75, '2021-01-22', 342609308),
(76, '2022-12-16', 113305607),
(77, '2022-05-08', 349698623),
(78, '2021-12-13', 113305607),
(79, '2022-03-16', 283781828),
(80, '2022-05-05', 342609308),
(81, '2022-03-18', 994982035),
(82, '2021-10-18', 113305607),
(83, '2021-10-15', 283781828),
(84, '2021-09-09', 407285329),
(85, '2022-07-01', 994982035),
(86, '2021-07-26', 785360351),
(87, '2021-07-15', 785360351),
(88, '2022-01-09', 785360351),
(89, '2021-11-02', 114441917),
(90, '2022-05-03', 283781828),
(91, '2022-09-07', 909173514),
(92, '2021-11-22', 113305607),
(93, '2021-11-14', 114441917),
(94, '2022-11-05', 212370338),
(95, '2021-02-23', 113305607),
(96, '2021-10-27', 909173514),
(97, '2022-06-04', 785360351),
(98, '2021-11-26', 909173514),
(99, '2021-06-07', 785360351),
(100, '2022-04-14', 342609308),
(101, '2021-11-11', 994982035),
(102, '2021-01-20', 114441917),
(103, '2022-12-11', 113305607),
(104, '2021-08-11', 785360351),
(105, '2022-09-20', 283781828),
(106, '2022-05-18', 114441917),
(107, '2021-06-15', 909173514),
(108, '2022-05-05', 994982035),
(109, '2022-08-05', 342609308),
(110, '2021-02-26', 909173514),
(111, '2022-06-18', 114441917),
(112, '2021-04-11', 994982035),
(113, '2021-08-08', 283781828),
(114, '2022-09-12', 114441917),
(115, '2021-10-21', 785360351),
(116, '2021-04-23', 212370338),
(117, '2022-10-23', 785360351),
(118, '2022-03-26', 212370338),
(119, '2021-06-25', 994982035),
(120, '2022-04-26', 342609308),
(121, '2022-04-08', 785360351),
(122, '2022-07-10', 113305607),
(123, '2022-12-26', 342609308),
(124, '2021-12-14', 909173514),
(125, '2022-02-03', 342609308),
(126, '2021-07-15', 349698623),
(127, '2021-12-17', 909173514),
(128, '2021-02-08', 349698623),
(129, '2021-12-09', 342609308),
(130, '2021-03-03', 349698623),
(131, '2022-02-06', 994982035),
(132, '2022-01-28', 407285329),
(133, '2022-01-27', 407285329),
(134, '2022-05-05', 114441917),
(135, '2022-07-28', 994982035),
(136, '2022-06-23', 349698623),
(137, '2021-08-24', 785360351),
(138, '2021-10-27', 909173514),
(139, '2022-07-28', 283781828),
(140, '2022-12-04', 114441917),
(141, '2021-06-18', 909173514),
(142, '2022-02-08', 909173514),
(143, '2022-02-02', 994982035),
(144, '2021-01-06', 785360351),
(145, '2022-03-24', 342609308),
(146, '2022-08-03', 114441917),
(147, '2021-04-12', 283781828),
(148, '2022-03-11', 909173514),
(149, '2022-06-06', 342609308);

INSERT INTO PROJETO.CONSULTA VALUES
(1, 232, 'Cirurgia'    , 40, 909173514, '2022-10-12'),
(2, 236, 'Odontopediatria'    , 58, 114441917, '2021-01-21'),
(3, 182, 'Medicina Dentária Preventiva'    , 46, 349698623, '2021-08-23'),
(4, 209, 'Cirurgia'    , 87, 909173514, '2022-10-05'),
(5, 71, 'Periodontologia'    , 53, 212370338, '2021-12-13'),
(6, 127, 'Dentisteria'    , 35, 994982035, '2021-06-13'),
(7, 115, 'Periodontologia'    , 42, 113305607, '2022-02-11'),
(8, 91, 'Periodontologia'    , 56, 212370338, '2022-11-19'),
(9, 212, 'Medicina Dentária Preventiva'    , 79, 342609308, '2021-02-24'),
(10, 116, 'Cirurgia'    , 84, 909173514, '2022-09-20'),
(11, 63, 'Periodontologia'    , 88, 212370338, '2021-04-25'),
(12, 254, 'Periodontologia'    , 59, 113305607, '2022-02-18'),
(13, 225, 'Dentisteria'    , 51, 994982035, '2022-10-27'),
(14, 242, 'Periodontologia'    , 50, 785360351, '2022-08-03'),
(15, 286, 'Dentisteria'    , 58, 994982035, '2022-02-26'),
(16, 183, 'Cirurgia'    , 30, 909173514, '2022-02-28'),
(17, 275, 'Odontopediatria'    , 57, 114441917, '2021-04-26'),
(18, 282, 'Medicina Dentária Preventiva'    , 34, 349698623, '2021-07-17'),
(19, 57, 'Cirurgia'    , 80, 909173514, '2022-10-07'),
(20, 67, 'Odontopediatria'    , 62, 114441917, '2022-07-22'),
(21, 175, 'Odontopediatria'    , 62, 114441917, '2022-02-16'),
(22, 295, 'Cirurgia'    , 68, 909173514, '2021-12-04'),
(23, 275, 'Dentisteria'    , 32, 407285329, '2021-06-26'),
(24, 225, 'Cirurgia'    , 78, 909173514, '2021-03-13'),
(25, 173, 'Cirurgia'    , 30, 909173514, '2022-09-03'),
(26, 142, 'Dentisteria'    , 70, 407285329, '2022-09-19'),
(27, 159, 'Proteses'    , 44, 283781828, '2022-04-06'),
(28, 75, 'Odontopediatria'    , 50, 114441917, '2021-11-11'),
(29, 155, 'Medicina Dentária Preventiva'    , 47, 349698623, '2022-01-15'),
(30, 268, 'Dentisteria'    , 88, 994982035, '2022-08-11'),
(31, 254, 'Medicina Dentária Preventiva'    , 59, 349698623, '2022-07-19'),
(32, 75, 'Periodontologia'    , 55, 212370338, '2022-08-16'),
(33, 183, 'Medicina Dentária Preventiva'    , 32, 349698623, '2021-10-14'),
(34, 247, 'Medicina Dentária Preventiva'    , 50, 349698623, '2022-02-23'),
(35, 105, 'Dentisteria'    , 44, 407285329, '2021-02-17'),
(36, 266, 'Medicina Dentária Preventiva'    , 70, 349698623, '2022-01-06'),
(37, 46, 'Medicina Dentária Preventiva'    , 71, 349698623, '2022-11-24'),
(38, 244, 'Periodontologia'    , 78, 212370338, '2022-10-10'),
(39, 170, 'Proteses'    , 67, 283781828, '2022-08-25'),
(40, 158, 'Dentisteria'    , 50, 994982035, '2022-03-16'),
(41, 282, 'Cirurgia'    , 30, 909173514, '2022-10-27'),
(42, 250, 'Medicina Dentária Preventiva'    , 55, 349698623, '2021-07-23'),
(43, 256, 'Medicina Dentária Preventiva'    , 58, 342609308, '2022-08-05'),
(44, 231, 'Odontopediatria'    , 59, 114441917, '2022-04-12'),
(45, 106, 'Periodontologia'    , 41, 212370338, '2021-09-17'),
(46, 293, 'Periodontologia'    , 61, 113305607, '2021-04-17'),
(47, 209, 'Periodontologia'    , 42, 785360351, '2022-01-13'),
(48, 297, 'Periodontologia'    , 64, 212370338, '2021-04-20'),
(49, 219, 'Dentisteria'    , 85, 407285329, '2021-06-01'),
(50, 216, 'Proteses'    , 62, 283781828, '2022-04-05'),
(51, 226, 'Proteses'    , 75, 283781828, '2021-07-28'),
(52, 187, 'Cirurgia'    , 44, 909173514, '2021-01-15'),
(53, 261, 'Medicina Dentária Preventiva'    , 71, 342609308, '2021-02-27'),
(54, 245, 'Periodontologia'    , 34, 113305607, '2021-10-08'),
(55, 51, 'Periodontologia'    , 51, 785360351, '2021-01-22'),
(56, 183, 'Medicina Dentária Preventiva'    , 32, 349698623, '2022-04-07'),
(57, 283, 'Proteses'    , 72, 283781828, '2021-07-01'),
(58, 209, 'Medicina Dentária Preventiva'    , 55, 342609308, '2021-10-01'),
(59, 288, 'Dentisteria'    , 36, 994982035, '2022-08-24'),
(60, 155, 'Dentisteria'    , 53, 407285329, '2022-10-08'),
(61, 82, 'Medicina Dentária Preventiva'    , 34, 349698623, '2021-07-20'),
(62, 234, 'Cirurgia'    , 31, 909173514, '2022-06-12'),
(63, 74, 'Proteses'    , 64, 283781828, '2021-09-11'),
(64, 214, 'Dentisteria'    , 34, 407285329, '2021-06-07'),
(65, 112, 'Odontopediatria'    , 90, 114441917, '2022-04-26'),
(66, 287, 'Periodontologia'    , 84, 113305607, '2022-12-02'),
(67, 61, 'Proteses'    , 60, 283781828, '2022-03-04'),
(68, 224, 'Periodontologia'    , 40, 212370338, '2021-11-18'),
(69, 178, 'Odontopediatria'    , 67, 114441917, '2021-08-26'),
(70, 101, 'Cirurgia'    , 42, 909173514, '2022-03-06');

INSERT INTO PROJETO.MEDICAMENTO VALUES
('C16 Y12 Zn15 Rb17 Ts6 V13 V8 ', 'Bortezomib'),
('Sg18 Au9 U9 Cr10 Bk15 Ir5 ', 'Bevacizumab'),
('Pa17 Ca3 N1 Kr16 B2 Co9 ', 'Prednisolone Acetate'),
('Re2 Mo14 Mc7 Sr5 Li3 N14 ', 'Cetuximab'),
('Al8 Sb2 Ac17 Os15 Cl5 Be6 ', 'Infliximab'),
('Ts6 B2 K15 Sg6 Al17 Al7 ', 'Immun Glob G(IGG)/Pro/Iga 0-5'),
('Fm11 Ta4 Te10 Ag9 No6 ', 'Bendamustine HCl'),
('O1 Pr5 Nh1 Ca7 Ds7 Sr16 At4 ', 'Insulin Glargine,Hum.Rec.Anlo'),
('Sb13 Ac4 Pa11 Fe14 Lv5 ', 'Darunavir Ethanolate'),
('Nh6 Be6 Sb3 Hf13 Sc14 ', 'Bevacizumab'),
('Sn5 Yb18 V7 Mo1 Fm18 Pd7 ', 'Rivaroxaban'),
('Ba11 Mc17 Pu8 K11 At1 Pu14 ', 'Carbamazepine'),
('Mc10 Ds17 Er17 Ce2 Ts1 Xe4 ', 'Insulin Glargine,Hum.Rec.Anlo'),
('Og1 Tm1 Ba4 Os6 V16 Se17 ', 'Teriparatide'),
('Al2 V8 As1 Pt14 Os2 ', 'Rituximab'),
('Ag3 Hf9 As2 Hf15 He10 Tc16 ', 'Octreotide Acetate,mi-Spheres'),
('C11 Rh2 Re11 B10 Xe6 ', 'Abatacept; Abatacept/Maltose'),
('Pd11 Sn18 La3 Ti2 Pr15 ', 'Teriparatide'),
('Pu4 Tb10 Tb5 Np10 Pb18 Pb6 ', 'Sirolimus'),
('Bi4 Ga2 Ds11 Pm8 Ca12 ', 'Albuterol Sulfate'),
('Sb12 Re17 Rh1 Ds4 Sn1 Rn7 ', 'Esomeprazole Magnesium'),
('No13 Ar6 Gd10 Og13 Mo8 Sr10 ', 'Cetuximab'),
('U15 Ni12 K4 K18 Am15 Rb15 ', 'Econazole Nitrate'),
('Lr11 U9 Np6 Al3 Rf12 ', 'Pregabalin'),
('Ts11 Mo11 Yb10 Xe12 Sb2 Ir9 ', 'Formoterol Fumarate'),
('Md4 P13 Xe1 Sg13 Pr5 Am15 I6 ', 'Esomeprazole Magnesium'),
('In4 Sg11 He1 Mt8 Tm3 ', 'Divalproex Sodium'),
('Ca12 Cr11 Mo3 Ar1 Po10 In15 ', 'Clomipramine HCL'),
('Zr9 Pu1 Cl18 Mc14 Li2 ', 'Bupropion HCl'),
('Zr1 I18 La16 Ge7 Ge10 ', 'Pegfilgrastim'),
('Ts11 O9 Mt12 Mo2 I18 Bi1 Ru3 ', 'Omalizumab'),
('Sm4 Am13 Na8 No10 Ag8 ', 'Abatacept; Abatacept/Maltose'),
('Cr12 Es11 Sb5 Ir18 Am11 As5 ', 'Emtricitabine/Tenofovir'),
('Sn18 Ta18 Ds11 Te7 K11 Cd1 ', 'Methylprednisolone Acetate (8'),
('No18 W7 Hg7 As11 Nh8 ', 'Methylprednisolone Acetate (8'),
('Pr15 Zn15 Cl11 F4 Ca10 ', 'Octreotide Acetate'),
('Ga8 Ce4 Cm6 Fr14 Te5 ', 'Ranibizumab'),
('Mo2 Sm1 Hg16 Na7 Rf9 ', 'Epoetin alfa'),
('Lv18 Lr10 At11 Mn17 Fr14 ', 'Propranolol HCl'),
('As1 Ds8 Fe7 Yb9 Es11 Cd14 O2 ', 'Memantine HCl'),
('Am2 Lu11 Ge12 Sn12 Nb16 ', 'Enzalutamide'),
('Np13 Tl5 Mg7 Pu7 Li3 ', 'Darunavir Ethanolate'),
('Cf16 Si3 Cs8 Pa7 Ne2 ', 'Formoterol Fumarate'),
('Sg5 Nh14 Ra17 Ho12 Ca3 Bh5 ', 'Methylprednisolone Acetate (8'),
('Cl16 N11 Nb8 Ru2 Ts5 B11 Ag4 ', 'Ipilimumab'),
('Os13 Fe10 Lu10 B5 Md3 Hf14 ', 'Lenalidomide'),
('Cs14 Au5 F8 Kr11 Pt15 ', 'Arformoterol Tartrate'),
('Np4 He15 Y1 Br3 Pb2 S9 Bh6 ', 'Bexarotene'),
('Mn2 Fl8 Bi9 Kr13 He10 ', 'Clobetasol Propionate'),
('Fm1 Cn18 Ts7 V14 Kr12 ', 'Denosumab'),
('Ir12 Zn16 K12 Na16 Te12 ', 'Esomeprazole Magnesium'),
('Cs16 Tb7 Cr14 Pm14 C5 V15 ', 'Etanercept'),
('Ti8 Cm12 Pd8 Na2 No12 ', 'Rituximab'),
('O1 No3 Hg12 Ba5 Al17 U18 C13 ', 'Ibrutinib'),
('Be10 Te3 Rg5 Ag6 B14 Pu9 ', 'Teriparatide'),
('Ru3 Ds17 Nb8 Ho13 Rn12 ', 'Treprostinil; Treprostinil/Ne'),
('Rn2 Dy8 Rh15 Ta6 Cr18 ', 'Bortezomib'),
('Au15 Po8 Bk1 Md8 Cr13 ', 'Rosuvastatin Calcium'),
('Gd13 Os13 Rg10 Fe10 Gd12 ', 'Ledipasvir/Sofosbuvir'),
('Os6 Cu4 Dy18 Cn6 Mt11 Fm17 ', 'Duloxetine HCl'),
('At15 Np13 Zn15 Kr14 He12 ', 'Enzalutamide'),
('Cd2 Re12 Hs15 Rf4 Si14 Li15 ', 'Immun Glob G(IGG)/Pro/Iga 0-5'),
('He4 Th9 Tm11 Md14 K7 ', 'Naproxen/Esomeprazole Mag'),
('Tb18 Mo1 Mo6 Sn2 Sn9 Cu17 ', 'Capecitabine'),
('Tc10 Gd5 Dy9 Re3 Rf17 I1 Ho3 ', 'Infliximab'),
('Eu9 Kr8 Zr5 Zr4 Be18 ', 'Abiraterone Acetate'),
('Cu9 Tm18 I1 Kr18 Mg12 Si11 ', 'Rituximab'),
('K10 Bi13 Au5 Tb11 Rn15 Kr12 ', 'Etanercept'),
('U2 Sn18 Pm9 Tc6 In15 Gd7 ', 'Ursodiol'),
('Ti2 Ra8 Lu10 Xe2 Y10 Cr15 ', 'Sipuleucel-T/Lactated Ringers'),
('Pd7 W8 As4 Gd4 Se5 ', 'Carfilzomib'),
('C16 Ne16 Bh16 Mo13 Ti5 Rf2 ', 'Rivaroxaban'),
('As13 Rg2 Na16 Db17 Ti3 ', 'Diclofenac Sodium'),
('Gd13 N9 Bh17 F10 N1 No18 Ts7 ', 'Glucagon,human Recombinant'),
('He3 Bk7 Th10 Br8 V10 ', 'Prednisolone Acetate'),
('Er4 Re10 I16 Nd10 Sb11 Cm11 ', 'Immun Glob G (IGG)/Gly/Iga 50'),
('Ti9 Th1 V18 Rb10 Er8 Mo1 ', 'Memantine HCl'),
('Sc12 Eu10 Ni3 Fl18 At16 ', 'Immun Glob G (IGG)/Gly/Iga 50'),
('Cs12 He16 K5 Sg8 Cu14 Mo18 ', 'Bexarotene'),
('Sc17 N10 Pt11 Tb10 Cl10 ', 'Insulin Glargine,Hum.Rec.Anlo'),
('Hg1 Sr7 Y15 Bi3 Te2 Na1 Te9 ', 'Immun Glob G(IGG)/Pro/Iga 0-5'),
('Tc18 La17 W2 Sb17 La14 Zr6 ', 'Clomipramine HCL'),
('Ce3 Cl18 Nd3 Fe1 Ds10 ', 'Sitagliptin Phosphate'),
('Nh18 Ge7 Pt11 Bk13 No8 Co4 ', 'Insulin Glargine,Hum.Rec.Anlo'),
('Re11 Pm10 Bh18 Au18 K8 ', 'Rosuvastatin Calcium'),
('Ir7 Bh10 Cu14 Ne10 Cm8 Ac13 ', 'Alteplase'),
('Ra1 V4 Rb15 Pt18 Po3 Na9 ', 'Immun Glob G(IGG)/Malt/Iga 50'),
('Rb4 Pa18 Og18 Fm18 Mn7 Xe17 ', 'Certolizumab Pegol'),
('Th2 Sc1 Rf1 Pb9 Sn7 ', 'Prednisolone Acetate'),
('Cu11 No15 V13 P15 Zn8 Cs4 ', 'Pemetrexed Disodium'),
('Og13 La8 V7 Cl4 He10 In17 ', 'Clobetasol Propionate'),
('Md11 Pm15 Ru1 Ne7 Xe3 ', 'Rituximab'),
('Md12 Es8 Zr4 V2 Er14 Br6 La9 ', 'Bosentan'),
('H15 Es4 Ag16 Cf5 Pb13 ', 'Emtricitabine/Tenofovir'),
('Hf18 Dy4 Y9 Ti2 Lu18 ', 'Treprostinil; Treprostinil/Ne'),
('No17 Kr2 Ts2 C6 Ac10 ', 'Fluticasone/Salmeterol'),
('Pr13 Li13 Cn7 Au2 Au15 Ti7 ', 'Alteplase'),
('W16 Ra5 N13 Bk3 Am6 ', 'Darunavir Ethanolate'),
('Ar7 No6 Np1 Cr8 Ho16 ', 'Prednisolone Acetate'),
('Li17 Pm6 Pm15 Th9 Br14 ', 'Infliximab'),
('Pd16 Bk1 Te18 As14 S18 Re18 ', 'Abiraterone Acetate'),
('Sb5 Ti15 Tb6 Dy6 H7 Nh12 ', 'Diclofenac Sodium'),
('Ho3 Co14 Ts4 Es2 Xe4 ', 'Tiotropium Bromide'),
('C6 Br14 Lv8 Se18 Pu2 Ni1 ', 'Denosumab'),
('Ge11 Pd2 Br17 Am9 Cd14 ', 'Azacitidine'),
('Re15 N13 Ds7 Tc16 Am1 Og8 ', 'Digoxin'),
('K9 La11 H11 Sn15 Se2 ', 'Capecitabine'),
('U18 Sc7 U9 Cl8 Ta15 K3 Rn14 ', 'Alteplase'),
('N9 Ar2 Fl17 Pt13 Ru7 ', 'Diclofenac Sodium'),
('Ta18 Os15 V11 Cl8 Ba7 ', 'Chlorpromazine HCl'),
('Db2 Pa2 Nd1 At4 Yb9 Es16 ', 'Teriparatide'),
('Tl14 Pt9 Bi18 F9 Os3 ', 'Ambrisentan'),
('Dy4 Mo14 Ac11 Pm3 Cm16 ', 'Glatiramer Acetate'),
('Md16 Db16 Md13 Lr6 Si14 V8 ', 'Cyclophosphamide'),
('C10 Cf6 Kr9 Rg1 La5 Ds6 Na11 ', 'Dimethyl Fumarate'),
('Rb18 Mn14 P18 Sg18 Mo10 ', 'Duloxetine HCl'),
('Se7 Fe7 Li16 Th14 At5 Cf11 ', 'Cyanocobalamin (Vitamin B-12)'),
('Pa8 Pd18 Ts5 Pd11 Mn17 Au18 ', 'Fulvestrant'),
('Mt17 Be4 Ho5 Mt15 Am2 ', 'Lenalidomide'),
('At2 O7 Au2 Bk9 Rh1 Al11 ', 'Pneumococcal 13-Valent Vaccin'),
('Ca17 Cd5 Cr11 Zn3 Zr14 ', 'Captopril'),
('U9 Tb9 Sr9 Pr1 Og14 Ru15 ', 'Cyanocobalamin (Vitamin B-12)'),
('Ga14 Cn14 Db16 Nd4 C4 ', 'Darunavir Ethanolate'),
('No16 Te2 Hf8 Ca8 Pu12 ', 'Carfilzomib'),
('Zr2 Pt3 Ho17 Co15 Pa10 ', 'Trastuzumab'),
('He9 Li14 Cu16 Fr15 Sr16 Ne10 ', 'Carfilzomib'),
('Yb16 As2 Ag1 Sg7 Mn2 Ti18 ', 'Rituximab'),
('Fm5 Sg3 Np9 Ni12 Er4 Li8 ', 'Carbamazepine'),
('Ds2 Dy16 Li4 Xe6 Cf3 Re16 ', 'Abiraterone Acetate'),
('Pt16 Te10 Cr16 V11 Lv8 ', 'Clomipramine HCL'),
('Dy14 Fl8 Be12 Bh5 Lu8 Ru4 ', 'Abatacept; Abatacept/Maltose'),
('Rh15 Tm10 I3 Ca15 Te9 Ta13 ', 'Corticotropin'),
('Yb16 Sc7 Be6 Po7 I4 ', 'Clobetasol Propionate'),
('Sg15 Cs4 At16 Cd18 Ca12 Si8 ', 'Sitagliptin Phosphate'),
('Kr13 Dy18 O2 Ca4 Ta9 Au7 ', 'Propranolol HCl'),
('Zr18 Zr17 He11 N2 Ce8 ', 'Omalizumab'),
('O1 Ni2 Po8 Sn10 Fr3 Ag1 ', 'Methylprednisolone Acetate (4'),
('V6 Si15 Br8 Ag2 Li4 Au1 ', 'Ibrutinib'),
('Sr7 Ga10 Ra18 In2 Ts7 N1 Am6 ', 'Digoxin'),
('He13 U16 Yb16 Hf6 Sb13 ', 'Bevacizumab'),
('Hg1 Sc1 Ir5 Br15 Pt17 I9 ', 'Arformoterol Tartrate'),
('Sb17 No2 Ar14 Cs17 Fl10 ', 'Insulin Glargine,Hum.Rec.Anlo'),
('Am2 Se2 Sn4 Ir4 Au3 H17 ', 'Mitomycin'),
('Sg5 Ta17 N3 Pd11 Cu17 Nd7 ', 'Dimethyl Fumarate'),
('Tm10 Es3 N5 Tb1 Xe15 ', 'Hydroxychloroquine Sulfate'),
('W6 N10 Pm13 Rb10 Er14 ', 'Erlotinib HCl'),
('Mc12 Cs14 Tb13 Ds7 Fe2 ', 'Cyclophosphamide'),
('U15 Ce3 Fl13 Bk2 Fm2 ', 'Epoetin alfa'),
('Zn4 Rb3 Be18 Bk13 Pt6 As16 ', 'Cyanocobalamin (Vitamin B-12)'),
('Mt3 Ga7 Hs1 K13 Pt6 Yb15 ', 'Immun Glob G(IGG)/Pro/Iga 0-5'),
('Sb17 Hg10 Mo8 Re7 Bk16 ', 'Bosentan'),
('Rg3 Pd5 V10 Lu6 Ru16 O3 ', 'Sirolimus'),
('O6 Mc15 Np9 Ba5 Md10 Cr6 Ar7 ', 'Darunavir Ethanolate'),
('Tc5 Yb16 Eu10 Po11 Ar4 ', 'Ipilimumab'),
('Cm8 Mc12 Tm17 K4 Zn4 ', 'Immun Glob G(IGG)/Pro/Iga 0-5'),
('Y3 Es15 Rn2 Ds8 Al8 Dy18 ', 'Cyanocobalamin (Vitamin B-12)'),
('Cl5 Al6 Mg15 Rh9 O3 Bk11 ', 'Treprostinil; Treprostinil/Ne'),
('Cr4 Hs10 Sr6 Ag18 Nd1 Th16 ', 'Bexarotene'),
('Au1 Sr15 Fe4 At5 Dy13 ', 'Thyrotropin Alfa'),
('Cs13 As8 Sn12 Tb1 Pb9 Tb1 ', 'Immun Glob G (IGG)/Gly/Iga 50'),
('Cu5 Y17 Ag13 Cl13 Og14 ', 'Immun Glob G(IGG)/Malt/Iga 50'),
('S11 Cd12 Es17 K2 Ga4 ', 'Aripiprazole'),
('No13 U1 P17 Hf8 Rg9 Pr16 Fl7 ', 'Gemcitabine HCl'),
('V2 Mg4 Cu4 Lu10 C15 ', 'Formoterol Fumarate'),
('Db13 Al15 Mc10 Ru4 Ru14 ', 'Bevacizumab'),
('Rg2 Tl5 Ba12 Am7 Os13 ', 'Emtricitabine/Tenofovir'),
('I4 Pa3 Ti11 Cr14 Er11 ', 'Pegfilgrastim'),
('Ta14 Na7 B9 Yb10 Ni5 ', 'Pneumococcal 13-Valent Vaccin'),
('Sg1 Cr10 Hg17 Os16 Mt6 ', 'Ipilimumab'),
('Ds2 Ga5 Sr13 Lu3 Cf13 ', 'Diclofenac Sodium'),
('Cm7 Tl3 Pu13 U4 Li12 S16 ', 'Metformin HCl'),
('C5 Nd9 Tb7 As13 K16 Fe4 Eu2 ', 'Cetuximab'),
('Lv7 Na10 Rh2 Er1 Au8 ', 'Infliximab'),
('Po16 Zn13 Md13 Y7 Pm7 ', 'Immun Glob G (IGG)/Gly/Iga 50'),
('Bk5 Mc1 Tb6 Sb14 Se18 Hg3 ', 'Certolizumab Pegol'),
('Ac5 Al5 Cu7 Ba1 Fl3 Sm8 Th15 ', 'Lenalidomide'),
('Ti12 Ta15 H18 Ir7 Cs10 ', 'Chlorpromazine HCl'),
('Li3 K13 Cd10 Pr1 Es16 ', 'Bosentan'),
('Md5 W1 Y15 W7 Ti10 ', 'Bosentan'),
('Cu13 Tc14 Xe13 Yb9 Rn5 ', 'Sofosbuvir'),
('Pr15 Bi13 Ni7 Ti10 Ac4 ', 'Insulin Glargine,Hum.Rec.Anlo'),
('O12 Og7 Os8 Dy17 Cs13 ', 'Chlorpromazine HCl'),
('Hs5 Rh9 Te12 Tl4 No14 Cd18 ', 'Aripiprazole'),
('W14 Ge11 Mo13 Na14 Ta2 ', 'Corticotropin'),
('Rn14 W15 Ds9 Rn9 Po8 ', 'Immun Glob G(IGG)/Pro/Iga 0-5'),
('Fe1 Og16 Ta9 Zr13 Md2 ', 'Imatinib Mesylate'),
('Pm2 Og3 Er16 Fl7 No14 As14 ', 'Imatinib Mesylate'),
('Np8 Pu12 Np15 Cm17 Ac11 Sc11 ', 'Pemetrexed Disodium'),
('Ce15 Pr2 Mt10 Mt13 Hf1 Be12 ', 'Natalizumab'),
('Pm5 Lv9 Cu5 Hg2 Rg7 Mo5 ', 'Bortezomib'),
('Pt1 Pb17 Si9 Es2 Hs1 ', 'Sitagliptin Phosphate'),
('Sm15 Ga9 Mc17 Rh3 O6 ', 'Cyclophosphamide'),
('Br8 Sb2 Ba10 Po12 Db15 ', 'Darbepoetin Alfa In Polysorba'),
('S1 Rh4 Cn15 Rg12 Tc9 Ga4 ', 'Darbepoetin Alfa In Polysorba'),
('As8 Pa2 C17 Re12 As7 ', 'Thyrotropin Alfa'),
('N9 Te2 Xe9 Ti16 Rh9 Al2 U4 ', 'Captopril'),
('Kr16 Nb16 Ho6 Yb13 Ti18 ', 'Cetuximab'),
('S18 Yb11 Re15 Po11 Y1 ', 'Methylprednisolone Acetate (4'),
('No6 Zn1 Fe9 Rb6 Gd9 ', 'Imatinib Mesylate'),
('Ga6 Pd8 Sc4 Ds6 Pu18 ', 'Rivaroxaban'),
('Lu1 Mo16 S2 La11 He8 ', 'Arformoterol Tartrate'),
('Tc6 Tb15 Sc14 Os7 In16 Sg12 ', 'Octreotide Acetate'),
('Ni18 Pd16 Na3 Pu12 W16 Md12 ', 'Trastuzumab'),
('Zn9 F7 Nh7 Cf7 Br5 ', 'Enzalutamide'),
('Sm11 Ga11 Ho1 Og2 Xe2 Be13 ', 'Clobetasol Propionate'),
('Pr18 Es17 F1 Sn13 Bh12 ', 'Immun Glob G (IGG)/Gly/Iga 50'),
('Ra12 Fm16 Sm5 Ag8 Dy8 Ba1 ', 'Albuterol Sulfate'),
('Nh8 As16 H17 Sr2 No4 ', 'Sofosbuvir'),
('H7 Co14 Po6 Th1 Au18 Hs3 ', 'Bevacizumab'),
('Bi15 Ge14 Rh8 Sm14 Hs8 W9 ', 'Immun Glob G(IGG)/Pro/Iga 0-5'),
('O12 V3 Si13 Md15 Am10 ', 'Doxazosin Mesylate'),
('U18 Ce1 Pm16 Ge12 Sr3 ', 'Etanercept'),
('K7 Ds7 Ta11 Pr7 Po3 ', 'Cetuximab'),
('Ne16 Cd12 Cl5 Rh4 Sb15 Mc11 ', 'Enzalutamide'),
('H11 S8 I11 Lr6 Te5 Xe12 ', 'Immun Glob G(IGG)/Pro/Iga 0-5'),
('C17 H17 Cs16 As17 C10 ', 'Fulvestrant'),
('Mn11 Mt12 Mc14 Rg13 S6 Rf9 ', 'Cyanocobalamin (Vitamin B-12)'),
('B2 Na15 Rf12 O17 Mt16 ', 'Glatiramer Acetate'),
('N5 Po14 Sg16 Yb14 Pb13 Re2 ', 'Adalimumab'),
('Ac12 U3 Rg11 Fe2 Fl6 ', 'Sofosbuvir'),
('Zn18 Mo6 Cm2 F13 Tb13 No14 ', 'Darunavir Ethanolate'),
('Gd1 N6 Ga1 Pr18 Ge6 Xe17 ', 'Esomeprazole Magnesium'),
('Ho18 Bh1 Ra17 Bi13 Po1 ', 'Paliperidone Palmitate'),
('Mo10 H14 Pm3 Rn2 Tl5 ', 'Ibrutinib'),
('He12 P2 Np6 Cl15 Na6 Y14 N15 ', 'Aripiprazole'),
('Mg3 Be17 Os14 Ne11 Hs11 Tc12 ', 'Paliperidone Palmitate'),
('Ga16 Er5 Ar1 Ga3 N12 ', 'Etanercept'),
('Mt14 Be12 K18 Nh3 Pr6 ', 'Raltegravir Potassium'),
('Sm14 F15 Ta17 W4 C9 ', 'Teriparatide'),
('Cl14 Dy5 Be16 Kr11 Ga2 ', 'Bendamustine HCl'),
('Lr7 Se16 Pm1 Cf5 Cs16 Zr18 ', 'Esomeprazole Magnesium'),
('Pa7 Tc11 Sr3 I13 Co10 ', 'Treprostinil; Treprostinil/Ne'),
('Ba10 Er16 Ho8 Cl10 Rb8 N15 ', 'Darunavir Ethanolate'),
('Bh13 Fr6 Ba17 Er1 Hf10 ', 'Ranibizumab'),
('Ag14 Te2 Mn9 Zr18 I14 Ar15 ', 'Enalapril Maleate'),
('Cu13 Os14 Ac9 Rh16 Ar16 ', 'Digoxin'),
('As8 Mc11 Th7 Cf16 Li3 Gd16 ', 'Natalizumab'),
('Ar1 Mo7 Er7 Mc4 Ra4 Cn4 ', 'Ipilimumab'),
('Fe1 Ge5 Np14 Sm17 Tb14 As11 ', 'Bexarotene'),
('At5 Y11 Rg6 Sm13 O4 Rg3 ', 'Daptomycin'),
('Te16 Hs18 Fr16 Hf12 Ag6 ', 'Esomeprazole Magnesium'),
('S6 Cu18 Bh16 B18 Y17 Xe4 F3 ', 'Methylprednisolone Acetate (4'),
('Ne10 Dy17 Hg1 Hf11 Mt3 ', 'Abiraterone Acetate'),
('Ar15 Tl6 Ts12 Mo11 Ds2 ', 'Bevacizumab'),
('Zn18 Hf4 Tl8 Cm5 Lr18 Er9 ', 'Pregabalin'),
('Tb17 C16 Pu9 No14 Fm15 ', 'Econazole Nitrate'),
('Pd9 Sb5 Ba4 Ra12 Cm11 Au11 ', 'Bexarotene'),
('Ho16 Nd4 As10 Zn12 Cl17 Pb5 ', 'Albuterol Sulfate'),
('Ba2 P2 H14 Mc9 Ce15 Xe14 ', 'Emtricitabine/Tenofovir'),
('Bi3 Yb11 Tm4 Bh11 Na14 ', 'Cetuximab'),
('Tb16 I18 Sm5 Pb9 Mg18 Ra10 ', 'Immun Glob G (IGG)/Gly/Iga 50'),
('Rf14 Cd3 Au3 U9 As18 Sg5 C15 ', 'Methylprednisolone Acetate (8'),
('Lu8 Ni5 N17 Md6 Sb3 Sr4 ', 'Treprostinil Sodium'),
('La1 Fm17 Ds11 F10 Ds18 Pr8 ', 'Pegfilgrastim'),
('Ts2 Sg10 Tl16 Cn15 Tm16 ', 'Gemcitabine HCl'),
('Th12 Lr2 La5 Lv12 No3 ', 'Bortezomib'),
('Sr1 F13 Cn7 Fe10 Ag11 ', 'Infliximab'),
('Ta7 Hg2 Mg18 Pu16 Nd17 ', 'Darbepoetin Alfa In Polysorba'),
('Br10 F6 Ba1 Sb5 Bi10 Lr14 ', 'Arformoterol Tartrate'),
('Po8 Ne4 Er8 Ba16 Ho16 ', 'Efavirenz/Emtricitab/Tenofovi'),
('Nh7 Al8 Si8 Tc9 Rg10 O9 ', 'Fluticasone/Salmeterol'),
('Ba14 Rb6 Lu9 Ca4 V13 ', 'Sipuleucel-T/Lactated Ringers'),
('Nd7 Re4 Tc11 Po12 Rn15 Tm16 ', 'Diclofenac Sodium'),
('Cl8 Ce15 Cl6 Sg10 Ne16 ', 'Fluticasone/Salmeterol'),
('Rb3 Pu1 V9 Ge10 Br1 Co17 ', 'Bortezomib'),
('Ta12 Sr2 Cs8 Ce11 Ni16 ', 'Ursodiol'),
('Sn3 Fe7 Ba5 O10 Bk10 ', 'Sipuleucel-T/Lactated Ringers'),
('Fr15 Db14 Zr18 Mt6 Kr8 Ho6 ', 'Enalapril Maleate'),
('Re17 Pb15 Ce6 La17 Pa6 Fm10 ', 'Mitomycin'),
('Es6 Pd11 Yb4 Pb4 Te7 ', 'Cyclophosphamide'),
('Rh7 Ne10 Re3 Ta9 Np16 S7 ', 'Dimethyl Fumarate'),
('Na17 Fl13 Br7 Pa3 Pu5 ', 'Sofosbuvir'),
('Bh3 Li4 Pu13 Gd18 Cu9 ', 'Bupropion HCl'),
('N18 Tb3 Rf13 Cd5 Db8 Am5 ', 'Sitagliptin Phosphate'),
('Ta9 Zn7 Rn15 Ni4 Nh2 Re18 S5 ', 'Abatacept; Abatacept/Maltose'),
('No12 Zr9 Te14 At6 Au17 ', 'Abatacept; Abatacept/Maltose'),
('U4 I11 He15 As8 Hg8 Ta18 ', 'Immun Glob G (IGG)/Gly/Iga 50'),
('Lu10 As5 Li6 Bk4 Sg5 Na8 ', 'Arformoterol Tartrate'),
('Lv18 P12 Ho5 W14 Pd17 ', 'Albuterol Sulfate'),
('Tm6 Bi6 Ti2 Xe13 Fe2 Po11 ', 'Captopril'),
('Rg8 Fm7 Lr5 Eu17 Pt13 ', 'Clomipramine HCL'),
('Si15 Se10 Fm18 Cr5 Tc3 ', 'Octreotide Acetate,mi-Spheres'),
('Pu9 Bk3 Es12 Pd8 Rn10 Hf2 ', 'Ledipasvir/Sofosbuvir'),
('K18 Ti10 La7 Nh6 Lv4 Hf9 ', 'Bendamustine HCl'),
('Ba18 Sc4 C5 V13 Nb11 ', 'Ambrisentan'),
('Bk12 Tl10 In16 Os18 Mt10 Ti5 ', 'Clomipramine HCL'),
('Ni11 Nh16 Ts17 Md7 Lr11 Y3 ', 'Metformin HCl'),
('Er18 Bi7 Ho1 Fl5 At10 Sc8 ', 'Erlotinib HCl'),
('Bh2 Be4 Hg4 Rh12 Tl9 Pr14 ', 'Digoxin'),
('Cs2 S13 Na6 Ga14 Sc11 ', 'Chlorpromazine HCl'),
('Dy14 Li7 Zn3 Po10 Np3 Hf5 ', 'Immun Glob G(IGG)/Pro/Iga 0-5'),
('Re16 Na1 In2 Pt2 Mo17 Pu18 ', 'Enzalutamide'),
('Al13 Na13 As15 Cf8 Ts12 Rn16 ', 'Rivaroxaban'),
('W4 Zr18 Ra1 Er10 Pr17 ', 'Prednisolone Acetate'),
('N17 Y5 Sb12 As17 Bi16 ', 'Cetuximab'),
('Fl17 Sg17 Sb5 Re3 Rb17 ', 'Sipuleucel-T/Lactated Ringers'),
('Cd12 Mo10 No17 Sb12 F6 Pr12 ', 'Treprostinil Sodium'),
('Cl12 Es13 Si10 Sg7 At16 Mo4 ', 'Etanercept'),
('Y1 Sm15 I8 Ge8 Rg12 Mt8 ', 'Abiraterone Acetate'),
('Cm4 Ru1 Tb11 Be15 Cr11 Sn2 ', 'Naproxen/Esomeprazole Mag'),
('Y17 Ga10 I17 Cs7 V9 Gd11 ', 'Ambrisentan'),
('Sg4 Xe15 W15 Fm7 Tm3 Fl8 ', 'Methylprednisolone Acetate (8'),
('Se11 Tl18 Re18 Pd4 Db2 ', 'Immun Glob G(IGG)/Pro/Iga 0-5'),
('Mc8 Eu3 Cm13 Rn15 No1 ', 'Gemcitabine HCl'),
('Pr4 Sm11 Sg16 Mo6 Xe4 Hg3 ', 'Abiraterone Acetate'),
('Cs5 Tl18 Si13 Fl12 Al8 I10 ', 'Clomipramine HCL'),
('Cs10 Fe8 Rb5 H17 At3 Hf12 ', 'Natalizumab'),
('Fl10 V17 Y8 Ce6 Ta8 Pr9 ', 'Certolizumab Pegol'),
('La11 Ds2 Nd7 Se2 Pt7 ', 'Glatiramer Acetate'),
('Fm8 F9 Hf7 Sg11 Al10 ', 'Ibrutinib'),
('Sb2 Pm10 Fr10 Rh18 Sg8 ', 'Arformoterol Tartrate'),
('K1 Eu9 Ce9 Rf3 Se4 Y1 ', 'Albuterol Sulfate'),
('Fr8 Pu10 C8 S12 K8 ', 'Lenalidomide'),
('Na10 H7 Rn15 No17 Ge9 ', 'Immun Glob G (IGG)/Gly/Iga 50'),
('U17 Sm8 S8 Pa3 Fm12 ', 'Insulin Glargine,Hum.Rec.Anlo'),
('Cm11 Cs16 Sb15 Lu18 Th7 ', 'Daptomycin'),
('Pu6 Og7 Pb17 Ag14 Cn9 Xe17 ', 'Darbepoetin Alfa In Polysorba'),
('O2 Mc11 Zn1 Cs7 Te8 Xe5 N17 ', 'Immun Glob G(IGG)/Pro/Iga 0-5'),
('Cm7 Pd9 Zr1 Ir5 Bi6 Pm17 ', 'Mitomycin'),
('Ge8 Au12 Sr8 Nh10 Zn5 Ru2 ', 'Propranolol HCl'),
('La6 Ar9 Tb17 Lv18 I3 Mo9 ', 'Raltegravir Potassium'),
('Ag15 O8 Li10 Mo8 Hg13 Cr6 ', 'Pregabalin'),
('Nh14 Sb10 Tl6 At10 Eu18 Ga5 ', 'Ursodiol'),
('O2 Lu9 Ag6 Bi12 Ts3 Fe18 ', 'Immun Glob G (IGG)/Gly/Iga 50'),
('Sg15 Th16 Rf7 P8 Cr4 Md10 ', 'Insulin Glargine,Hum.Rec.Anlo'),
('Yb5 Fm10 P8 Lr6 Tc2 ', 'Immun Glob G(IGG)/Pro/Iga 0-5'),
('Pm18 As8 Sr15 H1 F11 ', 'Trastuzumab'),
('Ag2 Es12 Hs6 K3 Mo7 ', 'Efavirenz/Emtricitab/Tenofovi'),
('In1 O6 Yb7 Hg7 Br14 ', 'Doxazosin Mesylate'),
('Re15 Cd1 Sr10 Fl3 Rh8 Ho12 ', 'Efavirenz/Emtricitab/Tenofovi'),
('Ga6 Ru3 Ac7 F7 Hg2 Pd3 Mg5 ', 'Glatiramer Acetate'),
('Re1 Zr9 Rh11 Cd12 Y10 ', 'Paliperidone Palmitate'),
('Ru4 F5 Mo5 Ga2 Hf18 Au6 Cm16 ', 'Corticotropin'),
('Es15 Cs15 Sr6 Am12 Mo2 Cu15 ', 'Immun Glob G(IGG)/Pro/Iga 0-5'),
('Ge10 Re6 Ca17 Si13 No14 Si7 ', 'Certolizumab Pegol'),
('Yb17 In15 Ta8 Te6 Tl5 ', 'Pegfilgrastim'),
('Sr17 Tm1 Fl3 Gd4 Fe1 Br6 ', 'Enzalutamide'),
('Tc18 Ar11 Pa9 Lv4 At14 Sb2 ', 'Immun Glob G (IGG)/Gly/Iga 50'),
('Sc3 F16 Cu14 Nd3 Xe5 ', 'Azacitidine'),
('Fr16 Mc7 Fe16 Sc10 Fm10 He1 ', 'Gemcitabine HCl'),
('Xe14 Cn12 In15 Cr5 Be3 Dy6 ', 'Clomipramine HCL'),
('Mg10 Te4 Zn15 N4 Cu2 ', 'Ipilimumab'),
('Pd16 Sc1 Ga7 Hs2 I5 Ta17 ', 'Treprostinil; Treprostinil/Ne'),
('Lu4 Mc2 Os17 Zn5 Md6 Cd3 ', 'Carbamazepine'),
('H18 Db6 Se8 Og6 Lu5 Fl8 Cl9 ', 'Formoterol Fumarate'),
('As12 Nb6 Tc3 Sr12 Li3 F15 B4 ', 'Sofosbuvir'),
('Pu1 Cd15 B13 Rg1 Au1 U11 ', 'Propranolol HCl'),
('He14 Al14 Dy10 Ac2 Pt9 Po12 ', 'Pegfilgrastim'),
('Os3 Kr3 Cf15 Cm6 U2 B5 Ta2 ', 'Arformoterol Tartrate'),
('Al7 Ge2 As1 Te14 N2 ', 'Natalizumab'),
('Pu6 Nd18 No10 Au14 Sc18 Db6 ', 'Lenalidomide'),
('Ar17 Re13 Ti1 Mn15 Lv7 ', 'Bendamustine HCl'),
('Np5 Sg6 H7 At8 Ba2 Cl17 ', 'Esomeprazole Magnesium'),
('Be18 Np9 Sc8 Zn18 Cs16 ', 'Formoterol Fumarate'),
('Ta13 Ar14 Ga8 Al6 Au11 ', 'Rituximab'),
('N15 Zn1 Pr8 Re10 P12 Ag18 ', 'Sofosbuvir'),
('Cs7 Se2 Se17 Sm4 Eu5 Ba9 ', 'Bosentan'),
('Fm4 Ta16 Cn6 Ge18 Rn7 ', 'Efavirenz/Emtricitab/Tenofovi'),
('N7 Pa14 Ho6 N5 Br10 ', 'Metformin HCl'),
('Sc2 Cu18 No16 As3 U6 ', 'Emtricitabine/Tenofovir'),
('Ar15 Sr11 C2 Ir3 Ge18 Nd13 ', 'Esomeprazole Magnesium'),
('Th12 Fr11 No17 Pr11 No10 ', 'Formoterol Fumarate'),
('Xe4 Ir13 Ag1 Pu16 He11 Mg17 ', 'Lenalidomide'),
('Ts18 K5 Be8 P12 Ca17 Cs4 Ds4 ', 'Aflibercept'),
('Os9 K12 I3 Pt9 Cs9 Fl11 ', 'Treprostinil Sodium'),
('Bk3 Gd8 Kr1 He17 Cm5 Sm8 ', 'Memantine HCl'),
('Pu7 Se1 Og2 Tb12 Cf16 Li7 ', 'Epoetin Alfa'),
('Rb9 Ac13 Mc15 Te3 Pr16 ', 'Denosumab'),
('Ta3 Ca3 Cr1 Hf10 Mo3 Ba6 Lu6 ', 'Fluticasone/Salmeterol'),
('Br3 Na3 Th15 Xe18 Hg15 Rg8 ', 'Tiotropium Bromide'),
('Eu11 Hf15 Mt7 Zn4 Zn8 Os12 ', 'Rituximab'),
('Ar14 Pr15 B16 Rn14 Be16 ', 'Ursodiol'),
('Yb17 Es5 Ni12 Ds8 Dy18 ', 'Cyanocobalamin (Vitamin B-12)'),
('Yb14 Fm17 No4 Re5 Os15 Zn8 ', 'Paliperidone Palmitate'),
('Ta1 Cl12 Cf16 Kr4 Pr16 ', 'Alteplase'),
('O13 Gd16 Te16 Cd8 Nb4 Bh12 ', 'Glatiramer Acetate'),
('Am11 La9 Db5 O9 Sc12 Pa9 ', 'Raltegravir Potassium'),
('Yb17 Ca10 Y5 Te2 Pt12 ', 'Immun Glob G (IGG)/Gly/Iga 50'),
('Al15 Ra10 Cu7 Sr14 Tb3 ', 'Aflibercept'),
('U5 V4 Nh8 Y3 Mc4 As7 ', 'Cyclophosphamide'),
('Mn8 Nb18 H13 Tb16 Zn15 ', 'Albuterol Sulfate'),
('Sn12 U3 Ce17 Pd6 Ar12 Sn4 ', 'Sirolimus'),
('Fm14 At14 Sg9 U10 Na13 Bh1 ', 'Efavirenz/Emtricitab/Tenofovi'),
('Ga10 As2 S4 Eu6 Y17 ', 'Fluticasone/Salmeterol'),
('P12 Zr9 Bi2 Si9 Nb13 ', 'Daptomycin'),
('W12 Mo7 Dy3 I3 Al11 He7 ', 'Prednisolone Acetate'),
('Ta5 Zr2 Br9 Ac13 Ru9 Ts5 ', 'Cetuximab'),
('Hs2 V9 Cl12 Ts11 Kr15 Lv4 W7 ', 'Glucagon,human Recombinant'),
('Rb16 Bk1 Zr1 Na1 Ds5 ', 'Bexarotene'),
('Pb14 Mg14 C17 Pb18 Tm13 ', 'Ursodiol'),
('Rb7 Re15 Tb14 Bk10 Ho7 ', 'Darbepoetin Alfa In Polysorba'),
('La18 Cs9 Pd3 Ho1 Fr2 Lu9 ', 'Doxazosin Mesylate'),
('Yb1 He11 Ds7 K5 Nh8 ', 'Glucagon,human Recombinant'),
('Yb2 Hg11 Pd11 Cn7 Mc2 ', 'Ledipasvir/Sofosbuvir'),
('Er9 I10 Au11 Pm7 Se13 Li7 ', 'Formoterol Fumarate'),
('Hf10 Hf7 Hg3 La5 Rh2 ', 'Abatacept; Abatacept/Maltose'),
('Ru6 Mg15 Po4 Hg4 Ag5 Lv15 ', 'Methylprednisolone Acetate (8'),
('Db3 Mt15 Nd5 Mt10 Yb6 Na13 ', 'Darbepoetin Alfa In Polysorba'),
('Am10 Ho11 Db9 Pu6 I4 Bk1 Dy1 ', 'Immun Glob G(IGG)/Pro/Iga 0-5'),
('Ge6 I14 H18 Rf5 Cu15 ', 'Raltegravir Potassium'),
('Nd3 Ti11 Sm2 F17 Cm5 Au15 ', 'Sitagliptin Phosphate'),
('Ne18 Br2 Ga18 V14 Ba9 ', 'Immun Glob G(IGG)/Malt/Iga 50'),
('Es13 Yb4 Es18 Lr1 Ba5 I18 ', 'Glatiramer Acetate'),
('Xe12 Pa9 Cm14 N13 Se6 Ho6 ', 'Chlorpromazine HCl'),
('Tl2 Eu3 Be7 Ni5 Nd17 ', 'Abiraterone Acetate'),
('Lu8 Ac8 Ge12 Hf6 Tc9 Ts7 ', 'Etanercept'),
('Mo18 Lv5 Ni7 Sm15 Ti9 Tb13 ', 'Sofosbuvir'),
('Nb13 Bk6 Lu9 Mt1 S2 ', 'Omalizumab'),
('Rf3 Nh3 Ge9 Nh12 Cd16 Os12 ', 'Darbepoetin Alfa In Polysorba'),
('Mt15 Si7 Ir13 C7 Np4 ', 'Abiraterone Acetate'),
('Sm16 La10 Es3 Fr2 La18 ', 'Pemetrexed Disodium'),
('Ga5 Pm10 Cl16 Rn11 W4 ', 'Ambrisentan'),
('Sb2 F6 K12 Ra2 Cl9 ', 'Alteplase'),
('Ar8 Fr12 Mt17 Md6 Ce6 ', 'Ibrutinib'),
('F14 Ge14 Er16 Lu3 Rg16 ', 'Rivaroxaban'),
('Li13 Sr16 Nh2 Po12 Nh18 ', 'Abatacept; Abatacept/Maltose'),
('Cd10 U3 N6 Fr9 Pr8 Nb16 ', 'Teriparatide'),
('Os5 Pd1 W16 At6 Sg8 I7 Pd7 ', 'Immun Glob G (IGG)/Gly/Iga 50'),
('F14 Sn18 Nh14 Mo10 B6 Rh11 ', 'Ledipasvir/Sofosbuvir'),
('Br17 La13 Db11 Hs1 Cr2 K18 ', 'Bosentan'),
('At9 He1 W6 Bh16 Md16 Fe12 ', 'Rituximab'),
('Cn7 Co18 Ce15 Si2 Bh4 H1 ', 'Sitagliptin Phosphate'),
('Ru14 Al4 Cn14 Mt8 Lv11 Au16 ', 'Cetuximab'),
('Mo12 Na10 Ba9 Hs8 Ar13 Ag15 ', 'Imatinib Mesylate'),
('Sb18 Mt18 Rh15 Be17 Cu7 ', 'Doxazosin Mesylate'),
('Es7 Ar1 Pm5 Bi6 Y1 W3 ', 'Imatinib Mesylate'),
('Sg17 Am11 Db10 Pr9 Mo17 ', 'Simeprevir Sodium'),
('Er18 As6 Se7 No11 Ce15 ', 'Darunavir Ethanolate'),
('Mo12 Cl13 V6 C16 Cf15 ', 'Hydroxychloroquine Sulfate'),
('Yb6 Og5 Rh1 Cr14 Ba1 Os10 ', 'Cetuximab'),
('Rb6 Ir13 Ce11 Re12 Ne16 ', 'Immun Glob G(IGG)/Malt/Iga 50'),
('Ni8 Am11 Pr1 Rg11 Ra14 ', 'Esomeprazole Magnesium'),
('Po9 Tm4 Y7 Gd16 Tl11 Ce12 ', 'Bevacizumab'),
('Ir1 K5 At4 Rf6 Au7 Tb12 ', 'Enalapril Maleate'),
('Pb5 Og10 Pm12 Ar11 La18 ', 'Digoxin'),
('Sg6 Na12 Tc15 Ga7 O8 Fl2 ', 'Bendamustine HCl'),
('Pa7 Sm11 No8 F4 Er17 ', 'Alteplase'),
('H14 Cf16 Mc4 Te4 Rf1 Be13 ', 'Naproxen/Esomeprazole Mag'),
('Co9 U1 Bi4 Re10 Eu3 Ta9 ', 'Rivaroxaban'),
('Ni12 Rh1 Al3 Sg8 At8 Ds15 ', 'Clobetasol Propionate'),
('Lr1 Zn3 Pd5 Cd8 Bi1 ', 'Formoterol Fumarate'),
('Po6 B18 Es8 Md4 U10 Yb8 Ne8 ', 'Dimethyl Fumarate'),
('Sr15 P14 Zn2 V14 Fl14 ', 'Certolizumab Pegol'),
('W15 Sm1 Re12 Nb7 Pr5 Pb1 S12 ', 'Doxazosin Mesylate'),
('K14 Os3 Ni9 Lr4 Rn3 Np9 ', 'Formoterol Fumarate'),
('Pt7 Nd17 Zn16 O18 Cd7 ', 'Clomipramine HCL'),
('As1 Er7 Rg18 Rb1 Te2 Tl3 Ce5 ', 'Metformin HCl'),
('Bk14 Rn3 Co15 Ra16 Bk17 ', 'Cyclophosphamide'),
('Al3 Es17 Fl2 Te14 Er2 Ac11 ', 'Lenalidomide'),
('In7 Fr1 P4 Br9 Pb18 ', 'Sipuleucel-T/Lactated Ringers'),
('Md11 Eu16 Xe4 As17 H17 Pd11 ', 'Adalimumab'),
('Ce18 Fr8 Sn12 Sg2 Ga4 Al10 ', 'Treprostinil Sodium'),
('Mg16 Pb18 Mg9 O5 Md9 ', 'Paliperidone Palmitate'),
('Al6 Ti11 Cs8 Tl1 Xe4 ', 'Simeprevir Sodium'),
('Fl12 Sr3 Ar18 F15 No6 ', 'Bosentan'),
('Ba3 Nd12 Cr17 Fl1 Mn8 ', 'Capecitabine'),
('Md8 Rn7 No4 Tb7 Pm5 ', 'Paliperidone Palmitate'),
('F16 Mo12 Kr13 Dy1 No8 Es12 ', 'Hydroxychloroquine Sulfate'),
('Eu7 Pd9 Ru4 Fl16 F17 Tl1 ', 'Memantine HCl'),
('Np16 Cf18 Nb6 Hf3 Md6 V8 Pm3 ', 'Methylprednisolone Acetate (4'),
('Os8 Ne14 Li15 Na16 Er7 ', 'Clomipramine HCL'),
('At6 Mg18 Eu7 Lr1 Pt1 ', 'Insulin Glargine,Hum.Rec.Anlo'),
('S10 Db14 Ir18 Gd12 Ds9 ', 'Digoxin'),
('Rf12 Pa1 Pb4 Sb2 Lv3 Mg4 Es5 ', 'Methylprednisolone Acetate (4'),
('Si17 Ge3 I14 Po3 Y14 Nb16 ', 'Azacitidine'),
('W17 Db12 Pt1 Bk11 Am2 Dy14 ', 'Capecitabine'),
('Pb16 Bh13 Rg6 Be16 Ra10 ', 'Carfilzomib'),
('Pm1 Si16 Ta4 Ti5 Sr2 Ba18 ', 'Denosumab'),
('Cf4 Rn18 Pu4 Ge3 Sm17 Rb17 ', 'Naproxen/Esomeprazole Mag'),
('Pu2 Pm8 Se9 Tl3 H9 Rn2 ', 'Digoxin'),
('Se17 Zn8 Ts4 Zr4 U5 Ta9 Fr18 ', 'Methylprednisolone Acetate (8'),
('Po14 Xe8 F7 F6 Ac11 ', 'Ambrisentan'),
('Y4 Bi7 S18 Cm2 Pb1 ', 'Doxazosin Mesylate'),
('Te4 Ac14 Es7 Ar18 Cl14 ', 'Ursodiol'),
('Sr6 Sb13 Br13 Db13 Y5 ', 'Pemetrexed Disodium'),
('K10 As11 H1 Bh8 Eu14 Md4 Bk2 ', 'Duloxetine HCl'),
('Rb14 P17 Sm7 Ti2 Ce10 Bk4 ', 'Simeprevir Sodium'),
('Rh13 Rg9 Ir6 H6 Cf1 Sc6 Ac15 ', 'Aflibercept'),
('Os9 Ba5 C5 Pu3 Zr17 As12 Rg2 ', 'Sitagliptin Phosphate'),
('Cn18 Rf16 Sr12 He15 Li18 ', 'Abatacept; Abatacept/Maltose'),
('Y17 I2 As4 At2 Rb7 Sn10 Pd18 ', 'Immun Glob G(IGG)/Pro/Iga 0-5'),
('Cd2 Pa18 Fm2 Ba18 Pr1 Cu18 ', 'Paclitaxel Protein-Bound'),
('Pu17 Pm12 Ne5 W18 Md18 ', 'Ambrisentan'),
('Lr5 Sc16 Cs1 Br5 Md18 Rg2 ', 'Chlorpromazine HCl'),
('Ar7 P12 Og4 N17 Np14 Md6 ', 'Fulvestrant'),
('Fl18 Ga8 Bh12 Pa15 Tl2 ', 'Diclofenac Sodium'),
('Ar8 H10 U6 Cl18 Ac2 Rh17 No2 ', 'Immun Glob G (IGG)/Gly/Iga 50'),
('Np16 Ts14 Cn2 Li4 Re4 Dy1 ', 'Esomeprazole Magnesium'),
('Ni1 Co17 Rn15 Nd3 Nd16 Bk10 ', 'Captopril'),
('Nb8 Po12 Pb4 Mc9 As8 He8 ', 'Glucagon,human Recombinant'),
('Mo11 No8 Rb12 Hg5 Ru5 ', 'Immun Glob G (IGG)/Gly/Iga 50'),
('Nh2 Cn16 Zr12 Ds9 Cf7 Tc16 ', 'Gemcitabine HCl'),
('Yb10 Cl5 W2 Mn15 As13 ', 'Aripiprazole'),
('Bi12 N2 Es11 Tl9 V9 Au6 Ca6 ', 'Esomeprazole Magnesium'),
('Cu4 Lv15 Rb16 Bi17 Ts4 Sr4 ', 'Rituximab'),
('Ni3 Pu2 Rf7 S12 Pm6 ', 'Digoxin'),
('V13 As16 Fm12 V1 Ac4 Ce4 Cu7 ', 'Esomeprazole Magnesium'),
('Am2 Am3 Pu7 Li7 Cs2 Cs11 Na4 ', 'Prednisolone Acetate'),
('Ge7 P15 Sm8 H5 Np7 ', 'Abatacept; Abatacept/Maltose'),
('Br17 Lr17 V5 Re17 Cl1 Bh4 ', 'Duloxetine HCl'),
('In7 Es12 Cf9 Rn10 Pa15 ', 'Fulvestrant'),
('Lu7 Te2 Gd16 Tc18 W3 Au11 ', 'Insulin Glargine,Hum.Rec.Anlo'),
('Fe17 Nd18 Rb1 Pm7 Np8 ', 'Insulin Glargine,Hum.Rec.Anlo'),
('Cn9 Nd8 U1 Pd3 Ce7 ', 'Efavirenz/Emtricitab/Tenofovi'),
('Sg18 Ds8 Po12 Sm9 Co7 Hf11 ', 'Daptomycin'),
('P5 Y3 Ti2 Mt9 Cu18 ', 'Esomeprazole Magnesium'),
('Mn6 Ba8 Xe10 Ca9 Ag15 ', 'Certolizumab Pegol'),
('Pd18 Xe14 Nd2 Xe14 Re7 ', 'Formoterol Fumarate'),
('Ni13 Ts6 He6 Be11 S6 ', 'Omalizumab'),
('Ir18 Rg8 Fe1 Mo16 Hf11 ', 'Aflibercept'),
('Cm7 Np15 Pd7 No4 Fe10 ', 'Treprostinil; Treprostinil/Ne'),
('Ga13 Fr16 Pu9 I15 Cl14 In6 ', 'Immun Glob G(IGG)/Malt/Iga 50'),
('Hs16 Y11 Pr17 Ne14 W17 ', 'Raltegravir Potassium'),
('Y4 H13 Ca7 Sc8 Cs17 ', 'Corticotropin'),
('Db16 Re13 Xe14 Rg2 F10 Mc2 ', 'Simeprevir Sodium'),
('Th5 Sn12 Pd1 La6 Al5 Br9 ', 'Ledipasvir/Sofosbuvir'),
('Ds7 Hg11 Ge13 Tm11 Am4 Pu4 ', 'Epoetin alfa'),
('B7 Cs18 Fl1 Ts6 Fm16 U12 ', 'Epoetin alfa'),
('Ds10 In7 K10 Br12 Zn2 Hg1 ', 'Octreotide Acetate,mi-Spheres'),
('Ts6 O15 Ir3 Cl2 Zr9 ', 'Etanercept'),
('Li5 Am12 K5 Cu16 Ti8 K14 Mc5 ', 'Denosumab'),
('Cn1 Pd5 Ge15 Ir13 As13 ', 'Emtricitabine/Tenofovir'),
('Ho6 Tb7 Pb15 Sn2 Be10 Ni9 ', 'Bendamustine HCl'),
('Li16 Og12 F4 Ho7 Kr15 Bi9 ', 'Certolizumab Pegol'),
('Pa9 Fr18 Cd13 Hf6 Cr10 V15 ', 'Treprostinil Sodium'),
('S10 V5 I9 Ne9 Ni11 ', 'Aflibercept'),
('Xe10 Au4 Mn1 Ru5 Se15 ', 'Simeprevir Sodium'),
('Rh3 Na8 Rb5 Kr2 O4 Sr1 Al14 ', 'Clobetasol Propionate'),
('V4 Lv4 Cu7 S8 Mc16 ', 'Methylprednisolone Acetate (4'),
('Li10 Sm5 Cf9 U11 Th18 ', 'Duloxetine HCl'),
('Db8 Cn17 Po14 Li13 At5 ', 'Daptomycin'),
('At3 Br7 Cn5 Dy5 He11 ', 'Certolizumab Pegol'),
('Ce5 Kr6 Rb3 Re16 Sc18 ', 'Metformin HCl');

INSERT INTO PROJETO.AJUDA VALUES
(107115358, 407285329),
(732295847, 114441917),
(732295847, 283781828),
(293568714, 994982035),
(962275791, 342609308),
(524685204, 349698623),
(930414367, 212370338),
(293568714, 785360351),
(968425677, 909173514),
(657952283, 113305607);

INSERT INTO PROJETO.CONSTITUI VALUES
(0, 'Cm7 Tl3 Pu13 U4 Li12 S16 '),
(1, 'U15 Ni12 K4 K18 Am15 Rb15 '),
(2, 'Lr5 Sc16 Cs1 Br5 Md18 Rg2 '),
(3, 'Pm1 Si16 Ta4 Ti5 Sr2 Ba18 '),
(4, 'Cu4 Lv15 Rb16 Bi17 Ts4 Sr4 '),
(5, 'Ti2 Ra8 Lu10 Xe2 Y10 Cr15 '),
(6, 'Pd18 Xe14 Nd2 Xe14 Re7 '),
(7, 'Ir7 Bh10 Cu14 Ne10 Cm8 Ac13 '),
(8, 'Pu4 Tb10 Tb5 Np10 Pb18 Pb6 '),
(9, 'Br3 Na3 Th15 Xe18 Hg15 Rg8 '),
(10, 'Al3 Es17 Fl2 Te14 Er2 Ac11 '),
(11, 'Hs16 Y11 Pr17 Ne14 W17 '),
(12, 'Ge6 I14 H18 Rf5 Cu15 '),
(13, 'Ru4 F5 Mo5 Ga2 Hf18 Au6 Cm16 '),
(14, 'Ar8 H10 U6 Cl18 Ac2 Rh17 No2 '),
(15, 'Cs13 As8 Sn12 Tb1 Pb9 Tb1 '),
(16, 'I4 Pa3 Ti11 Cr14 Er11 '),
(17, 'Th2 Sc1 Rf1 Pb9 Sn7 '),
(18, 'Yb2 Hg11 Pd11 Cn7 Mc2 '),
(19, 'Ho6 Tb7 Pb15 Sn2 Be10 Ni9 '),
(20, 'N5 Po14 Sg16 Yb14 Pb13 Re2 '),
(21, 'Ag2 Es12 Hs6 K3 Mo7 '),
(22, 'C6 Br14 Lv8 Se18 Pu2 Ni1 '),
(23, 'In1 O6 Yb7 Hg7 Br14 '),
(24, 'Y3 Es15 Rn2 Ds8 Al8 Dy18 '),
(25, 'Ho16 Nd4 As10 Zn12 Cl17 Pb5 '),
(26, 'Sr15 P14 Zn2 V14 Fl14 '),
(27, 'Np16 Ts14 Cn2 Li4 Re4 Dy1 '),
(28, 'Cu11 No15 V13 P15 Zn8 Cs4 '),
(29, 'Sg1 Cr10 Hg17 Os16 Mt6 '),
(30, 'Hf10 Hf7 Hg3 La5 Rh2 '),
(31, 'Li16 Og12 F4 Ho7 Kr15 Bi9 '),
(32, 'Be18 Np9 Sc8 Zn18 Cs16 '),
(33, 'Ar1 Mo7 Er7 Mc4 Ra4 Cn4 '),
(34, 'Sn3 Fe7 Ba5 O10 Bk10 '),
(35, 'Rb7 Re15 Tb14 Bk10 Ho7 '),
(36, 'S10 V5 I9 Ne9 Ni11 '),
(37, 'Ga6 Ru3 Ac7 F7 Hg2 Pd3 Mg5 '),
(38, 'Sb2 F6 K12 Ra2 Cl9 '),
(39, 'Au1 Sr15 Fe4 At5 Dy13 '),
(40, 'S18 Yb11 Re15 Po11 Y1 '),
(41, 'H7 Co14 Po6 Th1 Au18 Hs3 '),
(42, 'Y4 H13 Ca7 Sc8 Cs17 '),
(43, 'Zn4 Rb3 Be18 Bk13 Pt6 As16 '),
(44, 'Np4 He15 Y1 Br3 Pb2 S9 Bh6 '),
(45, 'Ba3 Nd12 Cr17 Fl1 Mn8 '),
(46, 'Cl16 N11 Nb8 Ru2 Ts5 B11 Ag4 '),
(47, 'Yb16 As2 Ag1 Sg7 Mn2 Ti18 '),
(48, 'V13 As16 Fm12 V1 Ac4 Ce4 Cu7 '),
(49, 'Rb3 Pu1 V9 Ge10 Br1 Co17 '),
(50, 'Tc18 Ar11 Pa9 Lv4 At14 Sb2 '),
(51, 'U18 Sc7 U9 Cl8 Ta15 K3 Rn14 '),
(52, 'Rf14 Cd3 Au3 U9 As18 Sg5 C15 '),
(53, 'C17 H17 Cs16 As17 C10 '),
(54, 'Xe14 Cn12 In15 Cr5 Be3 Dy6 '),
(55, 'Ti9 Th1 V18 Rb10 Er8 Mo1 '),
(56, 'K9 La11 H11 Sn15 Se2 '),
(57, 'Cm11 Cs16 Sb15 Lu18 Th7 '),
(58, 'O13 Gd16 Te16 Cd8 Nb4 Bh12 '),
(59, 'Lr7 Se16 Pm1 Cf5 Cs16 Zr18 '),
(60, 'In4 Sg11 He1 Mt8 Tm3 '),
(61, 'Li5 Am12 K5 Cu16 Ti8 K14 Mc5 '),
(62, 'In7 Fr1 P4 Br9 Pb18 '),
(63, 'Lu4 Mc2 Os17 Zn5 Md6 Cd3 '),
(64, 'Rb14 P17 Sm7 Ti2 Ce10 Bk4 '),
(65, 'Ti8 Cm12 Pd8 Na2 No12 '),
(66, 'Cd2 Pa18 Fm2 Ba18 Pr1 Cu18 '),
(67, 'Cr4 Hs10 Sr6 Ag18 Nd1 Th16 '),
(68, 'Sr1 F13 Cn7 Fe10 Ag11 '),
(69, 'W17 Db12 Pt1 Bk11 Am2 Dy14 '),
(70, 'Sc17 N10 Pt11 Tb10 Cl10 '),
(71, 'Ra1 V4 Rb15 Pt18 Po3 Na9 '),
(72, 'Po16 Zn13 Md13 Y7 Pm7 '),
(73, 'Zn18 Hf4 Tl8 Cm5 Lr18 Er9 '),
(74, 'Al7 Ge2 As1 Te14 N2 '),
(75, 'Ba18 Sc4 C5 V13 Nb11 '),
(76, 'H11 S8 I11 Lr6 Te5 Xe12 '),
(77, 'S6 Cu18 Bh16 B18 Y17 Xe4 F3 '),
(78, 'Am11 La9 Db5 O9 Sc12 Pa9 '),
(79, 'Re17 Pb15 Ce6 La17 Pa6 Fm10 '),
(80, 'Ga10 As2 S4 Eu6 Y17 '),
(81, 'Zr1 I18 La16 Ge7 Ge10 '),
(82, 'N15 Zn1 Pr8 Re10 P12 Ag18 '),
(83, 'Cu9 Tm18 I1 Kr18 Mg12 Si11 '),
(84, 'Ba14 Rb6 Lu9 Ca4 V13 '),
(85, 'Pu17 Pm12 Ne5 W18 Md18 '),
(86, 'Ga14 Cn14 Db16 Nd4 C4 '),
(87, 'K14 Os3 Ni9 Lr4 Rn3 Np9 '),
(88, 'Te16 Hs18 Fr16 Hf12 Ag6 '),
(89, 'At9 He1 W6 Bh16 Md16 Fe12 '),
(90, 'La6 Ar9 Tb17 Lv18 I3 Mo9 '),
(91, 'Ru3 Ds17 Nb8 Ho13 Rn12 '),
(92, 'Sg6 Na12 Tc15 Ga7 O8 Fl2 '),
(93, 'Yb17 In15 Ta8 Te6 Tl5 '),
(94, 'Ts18 K5 Be8 P12 Ca17 Cs4 Ds4 '),
(95, 'Cs5 Tl18 Si13 Fl12 Al8 I10 '),
(96, 'Ga13 Fr16 Pu9 I15 Cl14 In6 '),
(97, 'Ar7 P12 Og4 N17 Np14 Md6 '),
(98, 'Nd3 Ti11 Sm2 F17 Cm5 Au15 '),
(99, 'Pa7 Sm11 No8 F4 Er17 '),
(100, 'Fr15 Db14 Zr18 Mt6 Kr8 Ho6 '),
(101, 'Os5 Pd1 W16 At6 Sg8 I7 Pd7 '),
(102, 'F14 Ge14 Er16 Lu3 Rg16 '),
(103, 'Es7 Ar1 Pm5 Bi6 Y1 W3 '),
(104, 'Al8 Sb2 Ac17 Os15 Cl5 Be6 '),
(105, 'Pd16 Sc1 Ga7 Hs2 I5 Ta17 '),
(106, 'Mg16 Pb18 Mg9 O5 Md9 '),
(107, 'Ne16 Cd12 Cl5 Rh4 Sb15 Mc11 '),
(108, 'Y1 Sm15 I8 Ge8 Rg12 Mt8 '),
(109, 'Am2 Lu11 Ge12 Sn12 Nb16 '),
(110, 'Ca17 Cd5 Cr11 Zn3 Zr14 '),
(111, 'Cl5 Al6 Mg15 Rh9 O3 Bk11 '),
(112, 'Bk12 Tl10 In16 Os18 Mt10 Ti5 '),
(113, 'Ge7 P15 Sm8 H5 Np7 '),
(114, 'Nh18 Ge7 Pt11 Bk13 No8 Co4 '),
(115, 'Hg1 Sr7 Y15 Bi3 Te2 Na1 Te9 '),
(116, 'Nh2 Cn16 Zr12 Ds9 Cf7 Tc16 '),
(117, 'Xe10 Au4 Mn1 Ru5 Se15 '),
(118, 'Os13 Fe10 Lu10 B5 Md3 Hf14 '),
(119, 'At5 Y11 Rg6 Sm13 O4 Rg3 '),
(120, 'Li3 K13 Cd10 Pr1 Es16 '),
(121, 'Tc10 Gd5 Dy9 Re3 Rf17 I1 Ho3 '),
(122, 'Po14 Xe8 F7 F6 Ac11 '),
(123, 'Tm6 Bi6 Ti2 Xe13 Fe2 Po11 '),
(124, 'Md12 Es8 Zr4 V2 Er14 Br6 La9 '),
(125, 'Ts6 B2 K15 Sg6 Al17 Al7 '),
(126, 'Yb17 Ca10 Y5 Te2 Pt12 '),
(127, 'Sb18 Mt18 Rh15 Be17 Cu7 '),
(128, 'Hs2 V9 Cl12 Ts11 Kr15 Lv4 W7 '),
(129, 'Bi3 Yb11 Tm4 Bh11 Na14 '),
(130, 'Ag14 Te2 Mn9 Zr18 I14 Ar15 '),
(131, 'Cf4 Rn18 Pu4 Ge3 Sm17 Rb17 '),
(132, 'Sb13 Ac4 Pa11 Fe14 Lv5 '),
(133, 'O6 Mc15 Np9 Ba5 Md10 Cr6 Ar7 '),
(134, 'Ni11 Nh16 Ts17 Md7 Lr11 Y3 '),
(135, 'Pt1 Pb17 Si9 Es2 Hs1 '),
(136, 'Md11 Eu16 Xe4 As17 H17 Pd11 '),
(137, 'N9 Te2 Xe9 Ti16 Rh9 Al2 U4 '),
(138, 'Nh6 Be6 Sb3 Hf13 Sc14 '),
(139, 'He12 P2 Np6 Cl15 Na6 Y14 N15 '),
(140, 'Ce5 Kr6 Rb3 Re16 Sc18 '),
(141, 'Sg15 Cs4 At16 Cd18 Ca12 Si8 '),
(142, 'Xe12 Pa9 Cm14 N13 Se6 Ho6 '),
(143, 'Pt7 Nd17 Zn16 O18 Cd7 '),
(144, 'Rg8 Fm7 Lr5 Eu17 Pt13 '),
(145, 'W14 Ge11 Mo13 Na14 Ta2 '),
(146, 'Cm4 Ru1 Tb11 Be15 Cr11 Sn2 '),
(147, 'Sr7 Ga10 Ra18 In2 Ts7 N1 Am6 '),
(148, 'He4 Th9 Tm11 Md14 K7 '),
(149, 'Bk14 Rn3 Co15 Ra16 Bk17 '),
(3, 'La1 Fm17 Ds11 F10 Ds18 Pr8 '),
(4, 'Re2 Mo14 Mc7 Sr5 Li3 N14 '),
(5, 'Re1 Zr9 Rh11 Cd12 Y10 '),
(6, 'Sb12 Re17 Rh1 Ds4 Sn1 Rn7 '),
(8, 'Po6 B18 Es8 Md4 U10 Yb8 Ne8 '),
(9, 'Pa17 Ca3 N1 Kr16 B2 Co9 '),
(10, 'O12 V3 Si13 Md15 Am10 '),
(11, 'H14 Cf16 Mc4 Te4 Rf1 Be13 '),
(13, 'Cm7 Pd9 Zr1 Ir5 Bi6 Pm17 '),
(16, 'Rb9 Ac13 Mc15 Te3 Pr16 '),
(17, 'Dy14 Fl8 Be12 Bh5 Lu8 Ru4 '),
(18, 'S10 Db14 Ir18 Gd12 Ds9 '),
(19, 'Mo12 Cl13 V6 C16 Cf15 '),
(20, 'Db8 Cn17 Po14 Li13 At5 '),
(21, 'Fm11 Ta4 Te10 Ag9 No6 '),
(22, 'Cs10 Fe8 Rb5 H17 At3 Hf12 '),
(23, 'Fm4 Ta16 Cn6 Ge18 Rn7 '),
(24, 'S11 Cd12 Es17 K2 Ga4 '),
(26, 'Se7 Fe7 Li16 Th14 At5 Cf11 '),
(27, 'Th12 Lr2 La5 Lv12 No3 '),
(29, 'Ir1 K5 At4 Rf6 Au7 Tb12 '),
(30, 'Lu7 Te2 Gd16 Tc18 W3 Au11 '),
(32, 'Sb17 Hg10 Mo8 Re7 Bk16 '),
(35, 'Pr13 Li13 Cn7 Au2 Au15 Ti7 '),
(36, 'Cu5 Y17 Ag13 Cl13 Og14 '),
(37, 'Th12 Fr11 No17 Pr11 No10 '),
(38, 'Ta3 Ca3 Cr1 Hf10 Mo3 Ba6 Lu6 '),
(39, 'Ge11 Pd2 Br17 Am9 Cd14 '),
(40, 'Nh8 As16 H17 Sr2 No4 '),
(42, 'Eu11 Hf15 Mt7 Zn4 Zn8 Os12 '),
(44, 'Po9 Tm4 Y7 Gd16 Tl11 Ce12 '),
(48, 'Cs12 He16 K5 Sg8 Cu14 Mo18 '),
(50, 'Gd13 Os13 Rg10 Fe10 Gd12 '),
(53, 'K10 Bi13 Au5 Tb11 Rn15 Kr12 '),
(55, 'Ru14 Al4 Cn14 Mt8 Lv11 Au16 '),
(56, 'Cl12 Es13 Si10 Sg7 At16 Mo4 '),
(62, 'Pu1 Cd15 B13 Rg1 Au1 U11 '),
(63, 'Rh3 Na8 Rb5 Kr2 O4 Sr1 Al14 '),
(64, 'N18 Tb3 Rf13 Cd5 Db8 Am5 '),
(65, 'Fe1 Og16 Ta9 Zr13 Md2 '),
(69, 'Lu8 Ac8 Ge12 Hf6 Tc9 Ts7 '),
(70, 'C10 Cf6 Kr9 Rg1 La5 Ds6 Na11 '),
(73, 'Au15 Po8 Bk1 Md8 Cr13 '),
(79, 'Db13 Al15 Mc10 Ru4 Ru14 '),
(81, 'Am10 Ho11 Db9 Pu6 I4 Bk1 Dy1 '),
(84, 'Y17 I2 As4 At2 Rb7 Sn10 Pd18 '),
(85, 'Re15 Cd1 Sr10 Fl3 Rh8 Ho12 '),
(91, 'Fe17 Nd18 Rb1 Pm7 Np8 '),
(94, 'Sr6 Sb13 Br13 Db13 Y5 '),
(96, 'Fr8 Pu10 C8 S12 K8 '),
(97, 'Al13 Na13 As15 Cf8 Ts12 Rn16 '),
(98, 'Pr4 Sm11 Sg16 Mo6 Xe4 Hg3 '),
(99, 'K1 Eu9 Ce9 Rf3 Se4 Y1 '),
(101, 'Lu10 As5 Li6 Bk4 Sg5 Na8 '),
(103, 'No13 Ar6 Gd10 Og13 Mo8 Sr10 '),
(104, 'Ac12 U3 Rg11 Fe2 Fl6 '),
(106, 'Yb5 Fm10 P8 Lr6 Tc2 '),
(108, 'Se11 Tl18 Re18 Pd4 Db2 '),
(112, 'Pm2 Og3 Er16 Fl7 No14 As14 '),
(113, 'Yb16 Sc7 Be6 Po7 I4 '),
(116, 'Cu13 Os14 Ac9 Rh16 Ar16 '),
(117, 'No12 Zr9 Te14 At6 Au17 '),
(118, 'Si15 Se10 Fm18 Cr5 Tc3 '),
(120, 'Sg17 Am11 Db10 Pr9 Mo17 '),
(121, 'Tb16 I18 Sm5 Pb9 Mg18 Ra10 '),
(122, 'Gd1 N6 Ga1 Pr18 Ge6 Xe17 '),
(123, 'Tc18 La17 W2 Sb17 La14 Zr6 '),
(125, 'Md5 W1 Y15 W7 Ti10 '),
(127, 'Li17 Pm6 Pm15 Th9 Br14 '),
(129, 'Bk5 Mc1 Tb6 Sb14 Se18 Hg3 '),
(130, 'Fm1 Cn18 Ts7 V14 Kr12 '),
(132, 'Mo10 H14 Pm3 Rn2 Tl5 '),
(133, 'W6 N10 Pm13 Rb10 Er14 '),
(135, 'Sn18 Ta18 Ds11 Te7 K11 Cd1 '),
(137, 'Np5 Sg6 H7 At8 Ba2 Cl17 '),
(140, 'Os9 K12 I3 Pt9 Cs9 Fl11 '),
(141, 'Yb1 He11 Ds7 K5 Nh8 '),
(143, 'Ho18 Bh1 Ra17 Bi13 Po1 '),
(144, 'S1 Rh4 Cn15 Rg12 Tc9 Ga4 ');

INSERT INTO PROJETO.PAGA VALUES
(614155979, 821743249, 1, 476465471),
(492538998, 825866630, 2, 231390764),
(575757742, 229988395, 3, 505837473),
(952901997, 206998803, 4, 678362370),
(950877064, 206998803, 5, 807906424),
(472271504, 229988395, 6, 671385378),
(480389044, 697073366, 7, 776238045),
(368323832, 821743249, 8, 242609875),
(172432000, 821743249, 9, 401121894),
(448815461, 842678712, 10, 128220823),
(950505193, 229988395, 11, 935612973),
(555037908, 842678712, 12, 995175290),
(606522386, 383364310, 13, 937014262),
(931191132, 229988395, 14, 126085784),
(548772255, 673409357, 15, 678567192),
(972297743, 697073366, 16, 986037254),
(535405141, 580845640, 17, 557852594),
(689974680, 580845640, 18, 656837424),
(871096624, 229988395, 19, 825305249),
(771911558, 842678712, 20, 294533113),
(781212986, 821743249, 21, 976006901),
(985908883, 206998803, 22, 284843352),
(481931557, 383364310, 23, 403369541),
(760480413, 842678712, 24, 792358836),
(489041382, 206998803, 25, 440396823),
(407155699, 580845640, 26, 559966652),
(834230608, 580845640, 27, 621915751),
(324136486, 842678712, 28, 352272371),
(202368945, 697073366, 29, 267786672),
(475008261, 842678712, 30, 166314543),
(973817818, 383364310, 31, 609648644),
(960141474, 842678712, 32, 650278561),
(952134426, 206998803, 33, 560809546),
(490500587, 383364310, 34, 295486954),
(516682168, 842678712, 35, 997460141),
(101232415, 825866630, 36, 122341039),
(190502378, 206998803, 37, 276231033),
(446058325, 842678712, 38, 764062067),
(513695049, 821743249, 39, 305236998),
(823689773, 956214266, 40, 822310042),
(559989769, 956214266, 41, 757744182),
(933720960, 206998803, 42, 831433317),
(954176630, 383364310, 43, 539574468),
(271412315, 673409357, 44, 100117828),
(933761208, 673409357, 45, 516008387),
(555717524, 206998803, 46, 574157393),
(527029777, 206998803, 47, 962715049),
(217325910, 383364310, 48, 958403346),
(928465489, 821743249, 49, 881893531),
(244346763, 206998803, 50, 543583232),
(866164623, 842678712, 51, 836387706),
(378657135, 825866630, 52, 752227300),
(631215062, 842678712, 53, 907561102),
(913869055, 697073366, 54, 883276934),
(246819925, 821743249, 55, 151851146),
(337289217, 383364310, 56, 554208168),
(732603200, 229988395, 57, 832285869),
(648752904, 383364310, 58, 137153415),
(871497583, 825866630, 59, 557355314),
(256058859, 206998803, 60, 902717315),
(304372838, 383364310, 61, 320366483),
(339358413, 825866630, 62, 716496642),
(903201837, 229988395, 63, 454064136),
(895954037, 383364310, 64, 695244152),
(573022725, 697073366, 65, 948582295),
(752020896, 580845640, 66, 673541833),
(321846096, 229988395, 67, 118830178),
(361581893, 229988395, 68, 744634730),
(130914115, 206998803, 69, 207456052),
(274942847, 842678712, 70, 290451090);